rank,model_id,status,health,composite,oos_sharpe,live_sharpe,live_return,max_dd,expectancy,calibration_ece,cost_robustness,regime_robustness,param_stability,health_score,n_live,exp_id,hypothesis_id,decision
1,sleeve.trend,RESEARCH,RESEARCH,0.5926,,1.9418939802100854,0.01710640304196287,-0.17699205254955808,0.00010691501901226793,,,,,24.58,160.0,,,
2,v002/sleeve.trend,REDUCED,REDUCED,0.5926,,,0.0,-0.0,0.0,,,,,37.5,72.0,,,
3,xs_mom|H-0002,WATCH,UNTRACKED,0.5556,0.9172005738134213,,,,,,,,,,0.0,EXP-000015,H-0002,WATCH
4,vol_managed_tsmom|H-0004,REJECT,UNTRACKED,0.5476,0.5695903015129172,,,,,,,,,,0.0,EXP-000005,H-0004,REJECT
5,residual_mom|H-0002,INCONCLUSIVE,UNTRACKED,0.5397,0.466939574937449,,,,,,,,,,0.0,EXP-000016,H-0002,INCONCLUSIVE
6,v001/sleeve.trend,ACTIVE,ACTIVE,0.537,,,0.0,-0.0,0.0,,,,,,26.0,,,
7,voladj_reversal|H-0013,REJECT,UNTRACKED,0.5317,0.26383027322899383,,,,,,,,,,0.0,EXP-000022,H-0013,REJECT
8,basis_reversion|H-0010,REJECT,UNTRACKED,0.5238,0.1643291900353888,,,,,,,,,,0.0,EXP-000018,H-0010,REJECT
9,zscore_reversal|H-0011,REJECT,UNTRACKED,0.5159,0.07372462288370323,,,,,,,,,,0.0,EXP-000020,H-0011,REJECT
10,funding_reversion|H-0008,REJECT,UNTRACKED,0.5079,0.02658957063854368,,,,,,,,,,0.0,EXP-000017,H-0008,REJECT
11,tsmom|H-0001,REJECT,UNTRACKED,0.5,-0.16028694127492435,,,,,,,,,,0.0,EXP-000013,H-0001,REJECT
12,donchian|H-0001,REJECT,UNTRACKED,0.4921,-0.23447071434260233,,,,,,,,,,0.0,EXP-000014,H-0001,REJECT
13,leadlag_engine:BTC->ADA|H-0014,REJECT,UNTRACKED,0.4841,-0.3100927849419051,,,,,,,,,,0.0,EXP-000025,H-0014,REJECT
14,logit_sign|H-0020,REJECT,UNTRACKED,0.4762,-0.6961722435256363,,,,,,,,,,0.0,EXP-000024,H-0020,REJECT
15,ridge|H-0020,REJECT,UNTRACKED,0.4683,-0.7445836942634106,,,,,,,,,,0.0,EXP-000023,H-0020,REJECT
16,ar|H-0011,REJECT,UNTRACKED,0.4603,-1.3259860025698693,,,,,,,,,,0.0,EXP-000021,H-0011,REJECT
17,st_reversal|H-0011,REJECT,UNTRACKED,0.4524,-3.9564726380571176,,,,,,,,,,0.0,EXP-000019,H-0011,REJECT
