pair,hac_t,sharpe_daily,net_total,net_total_zero_latency,p,q_bh,bh_reject,p_holm
BTC->ETH,-0.507444562237429,-0.007333828437237393,-0.25738238326530555,-1.2811582814378886,0.6118429251644089,0.8486853478086962,False,1.0
BTC->BNB,-0.9830956733766543,-0.023374218131873112,-0.32664036450028194,-1.3880367501688278,0.3255603535288345,0.5832956334058285,False,1.0
BTC->SOL,-1.3254160311877405,-0.030633569777084566,-0.6526417834063676,-0.5783666115862193,0.18503320277063362,0.5362234729487162,False,1.0
BTC->XRP,-0.6638601778660459,-0.011852214450365037,-0.20384371476378488,-0.1899839451278934,0.5067798056789172,0.7514321256618428,False,1.0
BTC->ADA,-0.7907269771224106,-0.01488871859196295,-0.21100260197344678,0.9339369533376425,0.429103330121543,0.6589801141152268,False,1.0
BTC->DOGE,-1.4169230419160945,-0.034258874633849044,-0.4655527196275726,0.34436893984707195,0.1565054289192349,0.5176718033482385,False,1.0
BTC->AVAX,-2.4273939141601564,-0.05622051712473748,-1.0923876867923417,-0.1680512640190988,0.015207733749893482,0.28933547971828455,False,0.6387248174955262
BTC->DOT,-1.8458343498293273,-0.04140271512016881,-0.47363910530498765,0.11560644638303368,0.06491626136567508,0.3745688413082561,False,1.0
BTC->LINK,-0.8690502994091783,-0.017098946587529463,-0.2779381525235422,0.09808895919019964,0.3848196193927489,0.6589801141152268,False,1.0
BTC->LTC,-1.3123698842882767,-0.0303713036427241,-0.45828978890569516,-0.9704582377257883,0.18939536303403304,0.5362234729487162,False,1.0
BTC->BCH,-1.8815619708199582,-0.04343594287528507,-0.715690223154924,-0.6140672610641296,0.05989551373592095,0.3745688413082561,False,1.0
BTC->TRX,-1.4456747322616477,-0.038664737272216546,-0.18845293652941333,-0.5025766392777052,0.14826845468707495,0.5176718033482385,False,1.0
BTC->EOS,1.2829059924001402,0.03501256476926527,0.19583085938396577,0.039979932871023804,0.19952501319021998,0.5362234729487162,False,1.0
ETH->BNB,-1.5114090370333129,-0.03501021544488194,-0.6096259437463059,-1.4889148912411607,0.13068426830613955,0.5108566851967273,False,1.0
ETH->SOL,-1.1107511626821374,-0.020473869549997605,-0.6914727855062641,-0.6779103401092708,0.2666754731611618,0.5832956334058285,False,1.0
ETH->XRP,-1.834092877940513,-0.041427941892407276,-0.3616138249140889,0.259633347758661,0.06664020845323271,0.3745688413082561,False,1.0
ETH->ADA,0.11018603357735227,0.007260150596735452,0.04254046573809822,0.39234327773079614,0.9122618384171688,0.9806814762984564,False,1.0
ETH->DOGE,-0.4114787381966614,-0.005703591853506505,-0.15190950835428668,-0.20936253971347613,0.6807215285971733,0.8633482785665818,False,1.0
ETH->AVAX,-1.0404758399290048,-0.020084630424834146,-0.49248014313171984,-0.18105547943732314,0.2981188829822241,0.5832956334058285,False,1.0
ETH->DOT,-2.0675246221228765,-0.05301937599997497,-0.6555614676888046,-0.05086198832580684,0.03868474655846965,0.3745688413082561,False,1.0
ETH->LINK,-0.14239460940496249,0.00023869240445716913,-0.050195934254726154,-0.015472479048821243,0.8867683200726191,0.9806814762984564,False,1.0
ETH->LTC,-1.710848775267812,-0.046616096774831514,-0.6757477605238372,-1.2289015479704315,0.08710903286238514,0.3745688413082561,False,1.0
ETH->BCH,-1.0294199356941633,-0.018465211338796254,-0.4105856207167777,0.19521520370224904,0.3032823850751396,0.5832956334058285,False,1.0
ETH->TRX,-1.1149691883904045,-0.02603002737089778,-0.14036699238768538,-0.856576384176957,0.26486362552892695,0.5832956334058285,False,1.0
ETH->EOS,-0.8042224229311864,-0.018224796725967194,-0.08567815906905318,0.06309711447505606,0.4212685311536437,0.6589801141152268,False,1.0
BTC:perp->spot,0.21436725698007406,0.0064866657810783235,0.018256755477749045,-0.00031330130334675547,0.8302606732997393,0.9648975392402375,False,1.0
BTC:spot->perp,-0.3816441345795037,-0.006591422153398961,-0.10427522672875249,-0.3495193908628325,0.7027253430193108,0.8633482785665818,False,1.0
ETH:perp->spot,-0.41718733439347844,-0.00818143843622224,-0.07693334517001692,-0.30927457391508506,0.6765413886187526,0.8633482785665818,False,1.0
ETH:spot->perp,-0.055293846798054144,0.004800837551810638,-0.027755448721271114,0.2626912322342557,0.9559043642124181,0.9986155535881843,False,1.0
BNB:perp->spot,0.0017351471309622198,0.002835671735868707,0.00048556212100984986,-0.3177772966587546,0.9986155535881842,0.9986155535881843,False,1.0
BNB:spot->perp,-1.7847990894461914,-0.03864781210324185,-0.8349710671071308,-1.1748218964142187,0.07429391111074968,0.3745688413082561,False,1.0
SOL:perp->spot,0.8053695831824401,0.021265664276627766,0.059317596842934514,-0.1330900150254159,0.4206064387388859,0.6589801141152268,False,1.0
SOL:spot->perp,-0.4003787080949299,-0.0030125475468518615,-0.17604451636686122,-0.526138467667558,0.688877604145339,0.8633482785665818,False,1.0
XRP:perp->spot,0.003262748182349198,0.0053503075535746136,0.0014396463135880055,0.3437084513487868,0.9973967082184183,0.9986155535881843,False,1.0
XRP:spot->perp,-1.1510165953077693,-0.02007704276602306,-0.6822745625059368,0.19409093439109873,0.24972540831440249,0.5832956334058285,False,1.0
DOGE:perp->spot,-1.0492357296689607,-0.01147666790030756,-0.6724899485394932,-0.6884322591275444,0.29406963794487906,0.5832956334058285,False,1.0
DOGE:spot->perp,-3.4864254419575884,-0.07872346819219654,-3.069068067348294,-0.37188488669728476,0.0004895218163560866,0.021049438103311724,True,0.021049438103311724
LARGE5->ZEC,-0.632907114067389,-0.013950571327986922,-0.09905862624622858,0.04923252606900424,0.5267943018479837,0.7550718326487765,False,1.0
LARGE5->XTZ,0.3370219142108394,0.011014052096842263,0.0886487540887595,0.20575977007481683,0.7361003803672406,0.8792310098830929,False,1.0
LARGE5->IOTA,-1.7375460565486462,-0.037422917222462215,-0.40907547065555117,0.1294323749170098,0.08229083194667952,0.3745688413082561,False,1.0
LARGE5->VET,-0.13681450894283462,0.002671107765468683,-0.055831091804609934,-0.033084561377660776,0.8911774150108507,0.9806814762984564,False,1.0
LARGE5->THETA,-2.322868900795481,-0.05419905952716654,-0.5385253151002143,0.3087968975171855,0.0201861962594152,0.28933547971828455,False,0.8276340466360232
LARGE5->ALGO,-0.983257953675999,-0.022231575140882857,-0.26738935868302216,0.03453369762894547,0.3254804982959101,0.5832956334058285,False,1.0
