metric,mean_bps,t_hac,hit,n,k,segment,n_events
gap,14.235503568696954,5.013698501071114,0.5972959922742637,2071.0,2.0,dev,2071
raw_1,-4.4463309267036015,-1.3908436701387978,0.4514727184934814,2071.0,2.0,dev,2071
raw_2,-7.962671562580904,-1.8181278310644295,0.4625784645098986,2071.0,2.0,dev,2071
raw_4,-11.1013391526678,-1.7512170319913385,0.47706422018348627,2071.0,2.0,dev,2071
raw_8,-7.272425776148885,-0.9803399584404071,0.48189280540801543,2071.0,2.0,dev,2071
raw_24,-14.652472935851838,-1.063622833570264,0.48623853211009177,2071.0,2.0,dev,2071
abn_1,-1.924222743916187,-1.0704181450216557,0.484789956542733,2071.0,2.0,dev,2071
abn_2,-5.230756338223606,-2.2084975289478534,0.4876871076774505,2071.0,2.0,dev,2071
abn_4,-5.363495331712495,-1.716270662545932,0.48189280540801543,2071.0,2.0,dev,2071
abn_8,-6.655139729944892,-1.725663389863064,0.4780299372283921,2071.0,2.0,dev,2071
abn_24,-24.373131043445813,-2.9177325608284828,0.4794785127957508,2071.0,2.0,dev,2071
gap,3.0834198287174703,1.0759612212154772,0.558768656716418,1072.0,2.0,holdout,1072
raw_1,0.19490323320136302,0.05437748618241161,0.4608208955223881,1072.0,2.0,holdout,1072
raw_2,-0.656879954455888,-0.1518177088077215,0.4878731343283582,1072.0,2.0,holdout,1072
raw_4,2.718880234565153,0.44328906722470884,0.498134328358209,1072.0,2.0,holdout,1072
raw_8,1.5331630227213975,0.16978639870299256,0.5027985074626866,1072.0,2.0,holdout,1072
raw_24,-2.9357821936182003,-0.24484155452086534,0.4864359214218896,1069.0,2.0,holdout,1072
abn_1,-0.2358171869582176,-0.10846288147109011,0.4841417910447761,1072.0,2.0,holdout,1072
abn_2,-1.8858614517782752,-0.7050736858829507,0.48600746268656714,1072.0,2.0,holdout,1072
abn_4,-1.4933441323975873,-0.47066615457612343,0.503731343283582,1072.0,2.0,holdout,1072
abn_8,2.0813969912138526,0.4140975226165163,0.4962686567164179,1072.0,2.0,holdout,1072
abn_24,7.1722907991773255,0.9235258124623731,0.49953227315247895,1069.0,2.0,holdout,1072
gap,27.086552471523195,3.8494848436482836,0.6134831460674157,445.0,2.0,2020,445
raw_1,-19.909365116957744,-2.6330355794797144,0.4157303370786517,445.0,2.0,2020,445
raw_2,-28.277699549635585,-2.815694336677269,0.4134831460674157,445.0,2.0,2020,445
raw_4,-13.667072060515139,-0.8061636118036556,0.4449438202247191,445.0,2.0,2020,445
raw_8,-20.06099707756691,-1.0567124018528007,0.449438202247191,445.0,2.0,2020,445
raw_24,-21.032770237852624,-0.6353463806598474,0.4606741573033708,445.0,2.0,2020,445
abn_1,-5.04846098355445,-1.0533961465103865,0.4696629213483146,445.0,2.0,2020,445
abn_2,-8.473850412809325,-1.420137237837986,0.48089887640449436,445.0,2.0,2020,445
abn_4,-12.807952413080292,-1.6214259624078067,0.5056179775280899,445.0,2.0,2020,445
abn_8,-17.337070489655556,-2.0036296236856206,0.4764044943820225,445.0,2.0,2020,445
abn_24,-45.60846530068977,-2.1422412603795777,0.47191011235955055,445.0,2.0,2020,445
gap,14.733867885928532,1.858635784526273,0.572354211663067,463.0,2.0,2021,463
raw_1,-7.2242703343800665,-0.8944360452142539,0.46436285097192226,463.0,2.0,2021,463
raw_2,-13.669961412494258,-1.1344465421972532,0.4924406047516199,463.0,2.0,2021,463
raw_4,-33.94478746171904,-2.1460135990455207,0.4773218142548596,463.0,2.0,2021,463
raw_8,-27.0377953549303,-1.5783137254875623,0.490280777537797,463.0,2.0,2021,463
raw_24,-41.835529682004584,-1.1676037984909333,0.5053995680345572,463.0,2.0,2021,463
abn_1,-5.96772324687994,-1.3483984557263808,0.4557235421166307,463.0,2.0,2021,463
abn_2,-10.17110165651542,-1.6041596645458907,0.48812095032397407,463.0,2.0,2021,463
abn_4,-4.491905903450699,-0.5593075141777468,0.4708423326133909,463.0,2.0,2021,463
abn_8,-4.728809230733048,-0.4501035837821682,0.4838012958963283,463.0,2.0,2021,463
abn_24,-4.511439286028052,-0.2198693345178156,0.5032397408207343,463.0,2.0,2021,463
gap,12.478386515801473,2.819184889592969,0.5663157894736842,475.0,2.0,2022,475
raw_1,4.836928915530003,0.69984076817347,0.48,475.0,2.0,2022,475
raw_2,7.300554789986508,0.7745113505341089,0.5094736842105263,475.0,2.0,2022,475
raw_4,-1.9846825534829051,-0.14651778575538282,0.5221052631578947,475.0,2.0,2022,475
raw_8,9.388706528537622,0.5289276123669541,0.5326315789473685,475.0,2.0,2022,475
raw_24,9.055874413437063,0.2835434192813075,0.5178947368421053,475.0,2.0,2022,475
abn_1,-3.0075671876579926,-0.9214780891141238,0.48,475.0,2.0,2022,475
abn_2,-5.361208552774601,-1.237561559483666,0.5031578947368421,475.0,2.0,2022,475
abn_4,-1.2139991798999572,-0.2146656662810658,0.5094736842105263,475.0,2.0,2022,475
abn_8,0.31832756612121027,0.04325505711155479,0.5242105263157895,475.0,2.0,2022,475
abn_24,-22.211652750861692,-1.1774723642837077,0.49894736842105264,475.0,2.0,2022,475
gap,10.58631879253379,2.5610276296556296,0.667420814479638,442.0,2.0,2023,442
raw_1,-3.2939402918867957,-0.7584726812503652,0.4276018099547511,442.0,2.0,2023,442
raw_2,-1.9289599087003093,-0.39889940659483747,0.4095022624434389,442.0,2.0,2023,442
raw_4,-0.39543172142132976,-0.06201175259633982,0.45475113122171945,442.0,2.0,2023,442
raw_8,1.6404495946581934,0.18338427370133117,0.4434389140271493,442.0,2.0,2023,442
raw_24,-9.279593286455626,-0.5060167667075334,0.4298642533936652,442.0,2.0,2023,442
abn_1,3.327584291507946,1.436622837788534,0.5158371040723982,442.0,2.0,2023,442
abn_2,-0.06442400551001504,-0.020012835066724792,0.47737556561085975,442.0,2.0,2023,442
abn_4,-4.315266142409136,-1.0242415644246017,0.46153846153846156,442.0,2.0,2023,442
abn_8,-5.561497426257513,-0.9268086932485425,0.45248868778280543,442.0,2.0,2023,442
abn_24,-34.65937790315219,-3.556121356821713,0.4411764705882353,442.0,2.0,2023,442
gap,0.4707034525843716,0.09594444630736174,0.5566600397614314,503.0,2.0,2024,503
raw_1,2.456623581171072,0.4691593391616873,0.4552683896620278,503.0,2.0,2024,503
raw_2,-2.8595378215024767,-0.4248351732436876,0.5029821073558648,503.0,2.0,2024,503
raw_4,-6.310001191977573,-0.6121816122528485,0.4831013916500994,503.0,2.0,2024,503
raw_8,-7.127182581801192,-0.6262295565471351,0.4850894632206759,503.0,2.0,2024,503
raw_24,-7.449346734175059,-0.47461142751195545,0.4990059642147117,503.0,2.0,2024,503
abn_1,-1.4850229982722014,-0.4285400742323434,0.47912524850894633,503.0,2.0,2024,503
abn_2,-2.6751838056988415,-0.6147355449300372,0.4970178926441352,503.0,2.0,2024,503
abn_4,-5.061267061446251,-0.8225320523927997,0.48111332007952284,503.0,2.0,2024,503
abn_8,-4.697378288794148,-0.6370128270835551,0.45129224652087474,503.0,2.0,2024,503
abn_24,6.6625894022852465,0.515115045693123,0.48906560636182905,503.0,2.0,2024,503
gap,8.724526751583985,1.7530853984733377,0.5938864628820961,458.0,2.0,2025,458
raw_1,2.041957463579404,0.31209825881232933,0.4672489082969432,458.0,2.0,2025,458
raw_2,7.386912321286932,1.0236434447340088,0.4978165938864629,458.0,2.0,2025,458
raw_4,18.112180166119813,1.8953392006774272,0.5393013100436681,458.0,2.0,2025,458
raw_8,15.771151485091218,0.9877197760394469,0.5305676855895196,458.0,2.0,2025,458
raw_24,-10.906161243639568,-0.6500001572439923,0.48034934497816595,458.0,2.0,2025,458
abn_1,3.0408033583946357,0.7613239768986536,0.5109170305676856,458.0,2.0,2025,458
abn_2,1.185599073479841,0.2621135164219578,0.49344978165938863,458.0,2.0,2025,458
abn_4,2.903747014929666,0.6053697833265186,0.4912663755458515,458.0,2.0,2025,458
abn_8,9.174943913033925,1.0443219460825746,0.5262008733624454,458.0,2.0,2025,458
abn_24,8.791456384823286,0.7986025784095767,0.5414847161572053,458.0,2.0,2025,458
gap,-2.596992504306031,-0.7879468892091541,0.5098039215686274,357.0,2.0,2026,357
raw_1,0.5394166754668448,0.12046716923255044,0.4733893557422969,357.0,2.0,2026,357
raw_2,-7.961123944652129,-1.3326829103222146,0.46218487394957986,357.0,2.0,2026,357
raw_4,-6.391857128183657,-0.8528878633927152,0.45938375350140054,357.0,2.0,2026,357
raw_8,-2.226691699207477,-0.18748571313190396,0.48739495798319327,357.0,2.0,2026,357
raw_24,10.70026419941607,0.4788942253869469,0.5112994350282486,354.0,2.0,2026,357
abn_1,0.2348472302373088,0.10405652985489541,0.48179271708683474,357.0,2.0,2026,357
abn_2,-2.792139497155451,-0.9202411203542558,0.46218487394957986,357.0,2.0,2026,357
abn_4,-3.4439048748498395,-0.8773539547403757,0.5098039215686274,357.0,2.0,2026,357
abn_8,-3.303833414051344,-0.5886592385751758,0.4733893557422969,357.0,2.0,2026,357
abn_24,-5.459891192552949,-0.5420149879508313,0.4463276836158192,354.0,2.0,2026,357
gap,31.619460149549166,5.1748126059287385,0.6567741935483871,775.0,3.0,dev,775
raw_1,-2.9808759946006265,-0.4657184008150363,0.46580645161290324,775.0,3.0,dev,775
raw_2,-11.928892471946028,-1.3743281893347896,0.4838709677419355,775.0,3.0,dev,775
raw_4,-19.09091554973342,-1.5440412725911283,0.48774193548387096,775.0,3.0,dev,775
raw_8,-6.207243737118852,-0.48201010852500903,0.4864516129032258,775.0,3.0,dev,775
raw_24,-9.869239642026704,-0.4690235268579802,0.4774193548387097,775.0,3.0,dev,775
abn_1,-1.2745976395866148,-0.3536658404029574,0.48129032258064514,775.0,3.0,dev,775
abn_2,-7.070012644626798,-1.57289961044868,0.4761290322580645,775.0,3.0,dev,775
abn_4,-6.775687429547406,-1.1491317553995168,0.47096774193548385,775.0,3.0,dev,775
abn_8,-6.220513543976542,-0.9351947311842822,0.4670967741935484,775.0,3.0,dev,775
abn_24,-23.450945815746064,-1.5983223007173104,0.472258064516129,775.0,3.0,dev,775
gap,6.918571021508052,1.3178103495186657,0.5714285714285714,399.0,3.0,holdout,399
raw_1,0.7989402132717451,0.11921741522585912,0.47869674185463656,399.0,3.0,holdout,399
raw_2,4.554923933706945,0.5676520128530658,0.5137844611528822,399.0,3.0,holdout,399
raw_4,9.456607163024785,0.8269518284684385,0.5112781954887218,399.0,3.0,holdout,399
raw_8,7.695987973064009,0.46059343097036937,0.5112781954887218,399.0,3.0,holdout,399
raw_24,-0.05847663326952609,-0.0029241412137819217,0.4849246231155779,398.0,3.0,holdout,399
abn_1,-3.936437486332117,-0.9517321737219261,0.47869674185463656,399.0,3.0,holdout,399
abn_2,-6.443819892026439,-1.2618860332319048,0.48621553884711777,399.0,3.0,holdout,399
abn_4,-6.843694917727973,-1.1345591383495224,0.48872180451127817,399.0,3.0,holdout,399
abn_8,0.43858763477364804,0.044623381641788855,0.49122807017543857,399.0,3.0,holdout,399
abn_24,-9.326308607252747,-0.7594090170382609,0.46984924623115576,398.0,3.0,holdout,399
gap,63.09927347450787,4.566577984686895,0.7068965517241379,174.0,3.0,2020,174
raw_1,-21.928136267352336,-1.4636590790279653,0.41379310344827586,174.0,3.0,2020,174
raw_2,-44.926721353281096,-2.0662395611654003,0.4425287356321839,174.0,3.0,2020,174
raw_4,-25.02021298131669,-0.88543776531372,0.45977011494252873,174.0,3.0,2020,174
raw_8,-25.75088560215239,-0.895952267762734,0.4942528735632184,174.0,3.0,2020,174
raw_24,-35.9091737467804,-0.8381638331939978,0.4367816091954023,174.0,3.0,2020,174
abn_1,7.082487606525751,0.7941096220296332,0.47126436781609193,174.0,3.0,2020,174
abn_2,3.8446566113540848,0.3865817862870196,0.5114942528735632,174.0,3.0,2020,174
abn_4,-0.9629755195999234,-0.07078075327174428,0.5402298850574713,174.0,3.0,2020,174
abn_8,13.27116582335728,1.1092892623684623,0.5229885057471264,174.0,3.0,2020,174
abn_24,-21.79826126907715,-0.7993536635923398,0.5172413793103449,174.0,3.0,2020,174
gap,33.10505594157535,1.7249838612924973,0.6387096774193548,155.0,3.0,2021,155
raw_1,1.5661041722751707,0.08783640923863278,0.5161290322580645,155.0,3.0,2021,155
raw_2,-6.547275453379978,-0.2682102229644765,0.5225806451612903,155.0,3.0,2021,155
raw_4,-25.793535869027014,-0.7029537346387511,0.5483870967741935,155.0,3.0,2021,155
raw_8,9.710857508324588,0.27970829192760155,0.5161290322580645,155.0,3.0,2021,155
raw_24,55.25517879449136,0.8709399382441173,0.5612903225806452,155.0,3.0,2021,155
abn_1,-15.859953411754027,-1.6521116840519905,0.41935483870967744,155.0,3.0,2021,155
abn_2,-26.495152332770516,-2.031844797921714,0.45806451612903226,155.0,3.0,2021,155
abn_4,-12.55099744866949,-0.835678518059047,0.45806451612903226,155.0,3.0,2021,155
abn_8,-2.9069339659368656,-0.17018911197113537,0.4645161290322581,155.0,3.0,2021,155
abn_24,36.66210107376759,0.9277775039762832,0.5032258064516129,155.0,3.0,2021,155
gap,20.65018470509972,2.3735911240054017,0.5873015873015873,189.0,3.0,2022,189
raw_1,-2.8438338423356746,-0.22593129066264103,0.4708994708994709,189.0,3.0,2022,189
raw_2,-7.922921343783264,-0.4741395714459075,0.5185185185185185,189.0,3.0,2022,189
raw_4,-37.50112045281187,-1.4832777277881377,0.5026455026455027,189.0,3.0,2022,189
raw_8,-20.306178573976197,-0.7101362371243841,0.48677248677248675,189.0,3.0,2022,189
raw_24,-30.89495365688699,-0.7832089229192214,0.48148148148148145,189.0,3.0,2022,189
abn_1,-8.589338385514148,-1.323885074202639,0.49206349206349204,189.0,3.0,2022,189
abn_2,-13.57110509291672,-1.5373138787533072,0.47619047619047616,189.0,3.0,2022,189
abn_4,-14.290151729440973,-1.1979190358844105,0.49206349206349204,189.0,3.0,2022,189
abn_8,-19.489345562052733,-1.2630335023293966,0.48677248677248675,189.0,3.0,2022,189
abn_24,-51.717869036521826,-1.5738352355103349,0.48148148148148145,189.0,3.0,2022,189
gap,20.89853512176902,2.2561907028868693,0.696969696969697,165.0,3.0,2023,165
raw_1,-3.5105925884277824,-0.4253483399924916,0.4303030303030303,165.0,3.0,2023,165
raw_2,-2.82774715473132,-0.3355379050694503,0.40606060606060607,165.0,3.0,2023,165
raw_4,-6.532489435032866,-0.5815736730576682,0.43636363636363634,165.0,3.0,2023,165
raw_8,-7.343910897445293,-0.42836910641425097,0.4303030303030303,165.0,3.0,2023,165
raw_24,-29.591556079632614,-1.0038117903429522,0.3878787878787879,165.0,3.0,2023,165
abn_1,4.2495857575014675,0.9402980419276485,0.5151515151515151,165.0,3.0,2023,165
abn_2,-4.36843361327173,-0.8586050110060612,0.42424242424242425,165.0,3.0,2023,165
abn_4,-10.68728869022068,-1.6278793801097227,0.38181818181818183,165.0,3.0,2023,165
abn_8,-21.098795448033812,-2.0577934017585116,0.3878787878787879,165.0,3.0,2023,165
abn_24,-63.40249969057892,-4.7452900949436225,0.38181818181818183,165.0,3.0,2023,165
gap,2.614079322060573,0.26450791993593564,0.5968586387434555,191.0,3.0,2024,191
raw_1,4.918804069704686,0.43184658708544027,0.46596858638743455,191.0,3.0,2024,191
raw_2,5.2886807156155164,0.380096807374861,0.5287958115183246,191.0,3.0,2024,191
raw_4,1.0768994705123467,0.05013865975721482,0.49214659685863876,191.0,3.0,2024,191
raw_8,1.516674558788023,0.07059004391796456,0.5026178010471204,191.0,3.0,2024,191
raw_24,1.3341024768214245,0.054235866047878244,0.5235602094240838,191.0,3.0,2024,191
abn_1,-2.716497297733693,-0.37376580401835974,0.47643979057591623,191.0,3.0,2024,191
abn_2,-0.9626526071767169,-0.11735546592929766,0.5130890052356021,191.0,3.0,2024,191
abn_4,-2.1392661667134063,-0.17533265384357344,0.4816753926701571,191.0,3.0,2024,191
abn_8,-9.294717614175491,-0.7415191469136201,0.43455497382198954,191.0,3.0,2024,191
abn_24,-1.3012864714909131,-0.09762088082936733,0.47643979057591623,191.0,3.0,2024,191
gap,18.578048226227995,2.078499615451889,0.6411764705882353,170.0,3.0,2025,170
raw_1,8.556270528540363,0.743832541760252,0.49411764705882355,170.0,3.0,2025,170
raw_2,21.574761564908464,1.7194445318975677,0.5294117647058824,170.0,3.0,2025,170
raw_4,35.181481250014585,2.196679145070822,0.5764705882352941,170.0,3.0,2025,170
raw_8,41.691129945979235,1.3770219226969487,0.5470588235294118,170.0,3.0,2025,170
raw_24,10.377939494454255,0.3407643993873928,0.48823529411764705,170.0,3.0,2025,170
abn_1,7.318679746406312,1.0326175789034737,0.5411764705882353,170.0,3.0,2025,170
abn_2,0.8066473340369013,0.08896727161249175,0.5,170.0,3.0,2025,170
abn_4,-0.15268140626532622,-0.016054980289751216,0.49411764705882355,170.0,3.0,2025,170
abn_8,16.44517699135731,0.8810111317096908,0.5588235294117647,170.0,3.0,2025,170
abn_24,-9.309037049550879,-0.41312206209085867,0.5058823529411764,170.0,3.0,2025,170
gap,1.1256434203516192,0.17280775740497395,0.5076923076923077,130.0,3.0,2026,130
raw_1,2.338635532485901,0.29611067795291857,0.5153846153846153,130.0,3.0,2026,130
raw_2,-10.07105287442765,-0.8448266507866596,0.5076923076923077,130.0,3.0,2026,130
raw_4,-5.320963565820688,-0.3469653900752713,0.4461538461538462,130.0,3.0,2026,130
raw_8,-8.40005690011821,-0.44511090055138025,0.4846153846153846,130.0,3.0,2026,130
raw_24,-9.965900749282461,-0.26703400647990533,0.4806201550387597,129.0,3.0,2026,130
abn_1,-8.735638927594248,-2.008500134524005,0.4307692307692308,130.0,3.0,2026,130
abn_2,-9.846912041268649,-1.7515169976437286,0.46153846153846156,130.0,3.0,2026,130
abn_4,-7.46178998046478,-0.9699422356896936,0.4846153846153846,130.0,3.0,2026,130
abn_8,-2.770085253236653,-0.2717848169040818,0.46923076923076923,130.0,3.0,2026,130
abn_24,-13.247366877347133,-0.7520273911055985,0.4186046511627907,129.0,3.0,2026,130
