symbol,f_stat,p_value,n,btc_beta_sum,fdr_reject
ETH,5.97998734738006,0.4254356511294076,39425.0,-0.1009573281352472,False
BNB,2.296322042935107,0.8905298941131574,38457.0,-0.010831024029920568,False
SOL,13.330372769563288,0.0380794954643181,33116.0,-0.15111743670540295,False
XRP,4.890944515111938,0.5578746200953308,39163.0,-0.06554665809189764,False
ADA,11.297804187279057,0.07959711385688337,38697.0,-0.09597782723275144,False
DOGE,5.451445217658409,0.4873445281766262,34832.0,-0.0051764661675821055,False
AVAX,8.405967894470974,0.20984363555116767,33034.0,-0.04798322326411099,False
DOT,5.613723619573069,0.4678196021163933,33802.0,0.010271133997039036,False
LINK,16.41162909902787,0.011707093028796793,39033.0,-0.1343500648201274,False
LTC,2.6486698910163216,0.8514721875561032,39091.0,0.008597013421382598,False
BCH,4.738250811690816,0.5777956213420916,39425.0,0.05594334495338711,False
TRX,3.0892036756735974,0.7975704592784252,38947.0,0.049933104322011555,False
EOS,0.9339914043890772,0.9879912124404951,39249.0,0.013630299943888695,False
