strategy,is_baseline,n_trades,turnover_annual,total_return,cagr,ann_vol,sharpe,sortino,calmar,max_drawdown,hit_rate,profit_factor,expectancy,gross_sharpe,stress_sharpe,cost_sensitivity,incremental_sharpe,hac_t,dsr,gate,reject_reason
leadlag_k2_h1,False,49146,101.53,-0.9995,-0.818,0.3841,-4.2276,-5.2811,-0.8183,-0.9995,0.2638,0.3103,-0.0076,-0.7399,-7.3981,3.4877,-5.3055,-8.425,0.0,REJECT,net_sharpe<=0
leadlag_k2_h2,False,51969,99.5,-0.9995,-0.819,0.4629,-3.45,-4.5536,-0.8193,-0.9996,0.318,0.3902,-0.0074,,,,-4.5278,-7.163,0.0,REJECT,net_sharpe<=0
leadlag_k2_h4,False,56718,109.66,-0.9994,-0.809,0.5722,-2.5998,-3.6235,-0.8094,-0.9995,0.346,0.5088,-0.0065,,,,-3.6777,-5.584,0.0,REJECT,net_sharpe<=0
leadlag_k3_h1,False,18837,99.0,-0.9579,-0.5054,0.3163,-2.0497,-2.4873,-0.5244,-0.9637,0.3191,0.3895,-0.0063,,,,-3.1276,-4.724,0.0,REJECT,net_sharpe<=0
leadlag_k3_h2,False,20660,78.34,-0.972,-0.5482,0.3609,-2.005,-2.4608,-0.5611,-0.977,0.3436,0.4398,-0.0067,,,,-3.0829,-3.975,0.0,REJECT,net_sharpe<=0
leadlag_k3_h4,False,24117,82.97,-0.9848,-0.6055,0.4506,-1.827,-2.3883,-0.6115,-0.9902,0.3352,0.4925,-0.0068,,,,-2.9049,-3.747,0.0,REJECT,net_sharpe<=0
leadlag_k2_h1_reversion,False,49304,424.85,-0.9956,-0.7007,0.3847,-2.9498,-4.3651,-0.7032,-0.9964,0.3074,0.4211,-0.0054,,,,-4.0276,-6.342,0.0,REJECT,net_sharpe<=0
btc_impulse_baseline,True,3706,178.76,-0.9427,-0.4703,0.2682,-2.2337,-3.0227,-0.4986,-0.9433,0.3551,0.5581,-0.0028,,,,,-4.797,0.0,baseline,
trend_baseline,True,16012,139.24,1.4913,0.2248,0.2083,1.0779,1.5086,0.9212,-0.244,0.5174,1.1812,0.0007,,,,,2.299,0.2365,baseline,
btc_buy_hold,True,1,0.22,7.7106,0.6175,0.6806,1.0481,1.4714,0.7968,-0.7749,0.5119,1.1818,0.002,,,,,2.291,0.2193,baseline,
