strategy,segment,n_trades,turnover_annual,total_return,cagr,ann_vol,sharpe,sortino,max_drawdown
leadlag_k2_h1,dev,49146,101.53,-0.9995,-0.818,0.3841,-4.2276,-5.2811,-0.9995
leadlag_k2_h1_0xcost_gross,dev,49164,246.83,-0.8013,-0.3016,0.3801,-0.7399,-0.9594,-0.8688
leadlag_k2_h1_2xcost,dev,49161,66.03,-1.0,-0.951,0.3963,-7.3981,-8.8927,-1.0
leadlag_k2_h2,dev,51969,99.5,-0.9995,-0.819,0.4629,-3.45,-4.5536,-0.9996
leadlag_k2_h4,dev,56718,109.66,-0.9994,-0.809,0.5722,-2.5998,-3.6235,-0.9995
leadlag_k3_h1,dev,18837,99.0,-0.9579,-0.5054,0.3163,-2.0497,-2.4873,-0.9637
leadlag_k3_h2,dev,20660,78.34,-0.972,-0.5482,0.3609,-2.005,-2.4608,-0.977
leadlag_k3_h4,dev,24117,82.97,-0.9848,-0.6055,0.4506,-1.827,-2.3883,-0.9902
leadlag_k2_h1_reversion,dev,49304,424.85,-0.9956,-0.7007,0.3847,-2.9498,-4.3651,-0.9964
btc_impulse_baseline,dev,3706,178.76,-0.9427,-0.4703,0.2682,-2.2337,-3.0227,-0.9433
trend_baseline,dev,16012,139.24,1.4913,0.2248,0.2083,1.0779,1.5086,-0.244
btc_buy_hold,dev,1,0.22,7.7106,0.6175,0.6806,1.0481,1.4714,-0.7749
