train,test,test period,test_return,test_sharpe,test_max_drawdown
2020-01-01 → 2021-12-24,2022-01-01 → 2022-03-31,DEVELOPMENT,0.006037502386491589,0.2558717158593774,-0.07472317162921471
2020-04-01 → 2022-03-24,2022-04-01 → 2022-06-30,DEVELOPMENT,0.11514646475482682,2.97999584162755,-0.048987691396926825
2020-07-01 → 2022-06-23,2022-07-01 → 2022-09-30,DEVELOPMENT,-0.12098733371475723,-4.298817218390367,-0.1309766040472743
2020-10-01 → 2022-09-23,2022-10-01 → 2022-12-31,DEVELOPMENT,0.06975675970695971,2.07169036071975,-0.04812018217634906
2021-01-01 → 2022-12-24,2023-01-01 → 2023-03-31,DEVELOPMENT,-0.03713920501443002,-1.031780736955281,-0.07071186288184805
2021-04-01 → 2023-03-24,2023-04-01 → 2023-06-30,DEVELOPMENT,-0.00968663776763723,-0.20873020602669026,-0.06619445832263093
2021-07-01 → 2023-06-23,2023-07-01 → 2023-09-30,DEVELOPMENT,0.01852213373651912,0.6733351114676128,-0.046670919544963274
2021-10-01 → 2023-09-23,2023-10-01 → 2023-12-31,DEVELOPMENT,0.06523251230502991,1.864079964490508,-0.053893307023189174
2022-01-01 → 2023-12-24,2024-01-01 → 2024-03-31,DEVELOPMENT,0.13810658757664962,3.5343102471878036,-0.04702338401260797
2022-04-08 → 2024-03-24,2024-04-01 → 2024-06-30,DEVELOPMENT,-0.06799878789560576,-2.3266571127210605,-0.1047809119350599
2022-07-08 → 2024-06-23,2024-07-01 → 2024-09-30,HOLDOUT,-0.053017484080143396,-1.5276304361529907,-0.10419600008671781
2022-10-08 → 2024-09-23,2024-10-01 → 2024-12-31,HOLDOUT,0.13031451952427742,3.2302056975408973,-0.048005297138732694
2023-01-08 → 2024-12-24,2025-01-01 → 2025-03-31,HOLDOUT,0.016634071084162372,0.5637451167015769,-0.050532480816540604
2023-04-08 → 2025-03-24,2025-04-01 → 2025-06-30,HOLDOUT,-0.049487214350869224,-1.4149967769252976,-0.11052267260992155
2023-07-08 → 2025-06-23,2025-07-01 → 2025-09-30,HOLDOUT,0.06576759055502568,1.9013948630397863,-0.052338672412687526
2023-10-08 → 2025-09-23,2025-10-01 → 2025-12-31,HOLDOUT,-0.002471170810762313,-0.0018416820373694117,-0.08855708965065101
2024-01-08 → 2025-12-24,2026-01-01 → 2026-03-31,HOLDOUT,0.04634480937128771,1.3712001217756413,-0.06192273089143996
2024-04-08 → 2026-03-24,2026-04-01 → 2026-06-30,HOLDOUT,0.08287078604115172,2.2717595848246717,-0.04449115154644312
2024-07-08 → 2026-06-23,2026-07-01 → 2026-09-30,HOLDOUT,0.054963756440108424,1.531493960857167,-0.05539996910449807
