pair,lag_h,oos_ic,oos_gross_bps_per_bar,oos_net_bps_per_bar
BTC->ETH,1,-0.002118182183260878,-0.14166519558559865,-0.3539657335699575
BTC->ETH,2,0.015679620403999714,0.05448863226852296,-0.020488220303325633
BTC->ETH,4,0.0021570630173989693,0.036730570247198224,0.01886802771935074
BTC->ETH,8,-0.0018871839966212592,-0.004713930878150209,-0.005535450601961115
BTC->ETH,24,0.030077354454720498,0.1872000774811793,0.03873667977157448
BTC->BNB,1,-0.01821473734131479,-0.2390654493220917,-0.35170412479881674
BTC->BNB,2,0.005940907378173009,0.00022586292872179073,-7.297384635728689e-05
BTC->BNB,4,-0.0007567221890340828,-0.00583025736928279,-0.007055445042602632
BTC->BNB,8,-0.014069768645266696,-0.01342454292469551,-0.025359189695850038
BTC->BNB,24,0.03526668434906386,0.13731540424679856,0.05785719262327639
BTC->SOL,1,0.017044438425289472,0.07591598229118855,2.1337061112677973e-06
BTC->SOL,2,0.005180463783772338,0.010465982604745246,-0.2030481059707427
BTC->SOL,4,-0.00572808287874831,-0.04559129526296306,-0.11710800216496818
BTC->SOL,8,-0.002151423726685726,-0.001960416413655572,-0.00231575221627767
BTC->SOL,24,0.026817860727169504,0.2974119292295236,0.0867575521909928
BTC->XRP,1,0.010915086808128005,-0.005478416426869885,-0.09391010789052384
BTC->XRP,2,0.010214574191492952,0.0019568517514757474,0.000892758999137592
BTC->XRP,4,-0.003405028288891832,0.0,0.0
BTC->XRP,8,-0.007412005252821006,-0.029264294644060634,-0.03218454020219585
BTC->XRP,24,0.028595766273957605,0.03859055063774925,0.021984586488287668
BTC->ADA,1,0.026620210549712555,0.09675350247427968,0.01890736257536749
BTC->ADA,2,0.019572863013207903,0.07145750601776321,0.0458980286145043
BTC->ADA,4,-0.002217480334009461,-0.0028725644311115295,-0.004096123698709584
BTC->ADA,8,-0.015088292730373092,-0.011301405192851654,-0.01655209468131302
BTC->ADA,24,0.03899635698235749,0.3749612113134147,0.22855879627469103
BTC->DOGE,1,0.015407675188323462,0.04983011435555971,-0.09179320371972306
BTC->DOGE,2,0.00659248960063158,0.016946205851526917,0.012247835638626659
BTC->DOGE,4,-0.00831957945130377,0.001315860586253292,0.0009221009149486512
BTC->DOGE,8,0.015363121977217056,-0.008446779211165644,-0.02704624106126292
BTC->DOGE,24,0.02906260463739684,0.24899789297777453,0.09657753644675934
BTC->AVAX,1,0.014082112633682935,0.0605167910904634,-0.0949531785451667
BTC->AVAX,2,0.005815287218098647,0.043309011807776285,-0.12351222966438079
BTC->AVAX,4,-0.005821636684514501,7.303087438294585e-05,-0.08719027942118161
BTC->AVAX,8,0.004136983301656138,0.0,0.0
BTC->AVAX,24,0.031370150123607866,0.2878773692656982,-0.050729210067924954
BTC->DOT,1,0.01739603576654878,0.05794830641192534,0.00765140926341672
BTC->DOT,2,0.01670224681941056,0.05933078952473518,-0.026609172536625623
BTC->DOT,4,-0.009296738282878482,0.0009306206439942031,-0.0033974012801466884
BTC->DOT,8,0.006784288388319803,0.0,0.0
BTC->DOT,24,0.029610042937523482,0.2167107592047278,0.09650345881266359
BTC->LINK,1,0.01012340217611851,-0.12838894880626406,-0.26703457116886137
BTC->LINK,2,0.023774342257304577,0.13886873177699843,0.024004933481033636
BTC->LINK,4,-0.0030855515657011562,-0.0005962303940783254,-0.000994010251710612
BTC->LINK,8,-0.017482641114433633,-0.039404435666481684,-0.06545131670643924
BTC->LINK,24,0.02378498109325285,0.08261487174177072,0.04308650020532269
BTC->LTC,1,0.007867405922213211,-0.10228704618193377,-0.24031366355344805
BTC->LTC,2,0.014161866657502064,0.023517680587573628,0.018871680313909716
BTC->LTC,4,-0.007048590811544915,-0.009538089145650694,-0.010664001360730358
BTC->LTC,8,-0.016134660924886805,0.0005533900607120562,-0.0034005695252615903
BTC->LTC,24,0.027260418584362983,0.09626228601813681,0.04318989044695596
BTC->BCH,1,-0.017013569223223075,-0.06689972975487822,-0.18477013531998895
BTC->BCH,2,0.01867665341657037,0.22494630675602473,0.18595787355599766
BTC->BCH,4,-0.02309782652966493,-0.03378781319376916,-0.04260804762381146
BTC->BCH,8,-0.009067010965263049,0.03369023579624958,0.02767643959394802
BTC->BCH,24,0.030526002558828855,0.12382628682346142,0.03337187773879392
BTC->TRX,1,-0.008070066864184414,-0.03650309245121295,-0.0653671742646891
BTC->TRX,2,0.01143324272242381,0.03945380734333868,0.033699249672339976
BTC->TRX,4,-0.024372764557329573,0.0,0.0
BTC->TRX,8,-0.026353145574400914,-0.01803015475122939,-0.026787216796938428
BTC->TRX,24,0.032254807166825925,0.03448585210843145,-0.003912481658000157
BTC->EOS,1,0.0027970804730464522,0.016862117197433208,0.010159411669283993
BTC->EOS,2,0.012539110859520263,0.0,0.0
BTC->EOS,4,0.003134208979632297,0.0,0.0
BTC->EOS,8,-0.013063497387360736,0.0,0.0
BTC->EOS,24,0.029832922370859306,0.007721777808666341,0.0021420339865193512
ETH->BNB,1,-0.019566292026184616,-0.21494568132592792,-0.2927527157921728
ETH->BNB,2,-0.0011513207288545333,-0.0047323350020931155,-0.005093990964855374
ETH->BNB,4,0.0004548804514759166,-0.001487183619981744,-0.0017903553180701696
ETH->BNB,8,-0.009983312332554771,0.014761242595398953,0.012591306818825407
ETH->BNB,24,0.03743246816203808,0.1550590100090758,0.02676263407356239
ETH->SOL,1,0.013336964817184044,0.06458659500054328,0.05173792769452171
ETH->SOL,2,0.009639692505810515,0.2401554285335261,-0.1064414155832804
ETH->SOL,4,-0.01117339315013637,0.0,0.0
ETH->SOL,8,0.007275284835015778,0.03400244109098937,-0.006634312584016538
ETH->SOL,24,0.023382632682609338,0.3337527354329268,0.0914521423042705
ETH->XRP,1,0.012408199310804722,-0.019215826729699726,-0.04873859569900848
ETH->XRP,2,0.010276037611403823,0.015422654781220636,0.01474343970157755
ETH->XRP,4,-0.003113018606980316,0.01702330866554733,0.016699690353289925
ETH->XRP,8,0.006185014556891441,0.017218526742746213,0.010948190065200895
ETH->XRP,24,0.03315100738140002,0.11973596342593837,0.06353906998156257
ETH->ADA,1,0.021032665122915,0.148283378536661,0.12146943319424001
ETH->ADA,2,0.020942325712832992,0.03861447869136366,0.023275676756792076
ETH->ADA,4,-0.004512358201538114,-0.0030883723387794466,-0.003905061305212152
ETH->ADA,8,-0.010432636637510716,-0.02651646113619027,-0.028091667982728677
ETH->ADA,24,0.03862745341690174,0.29580965446204033,0.09601666040105628
ETH->DOGE,1,0.017767034703346462,0.10447610216581638,-0.061329379131665133
ETH->DOGE,2,0.015024250296266427,0.14376449329892957,-0.006888850186287946
ETH->DOGE,4,-0.00744100445504157,0.03877709091900941,0.007571900714835528
ETH->DOGE,8,0.005100148751905682,-0.01610246994722064,-0.018726145633195263
ETH->DOGE,24,0.025879932139890652,0.20162207892808678,0.10416064391727703
ETH->AVAX,1,0.008301960182016482,0.06448884240736837,0.008698858141390278
ETH->AVAX,2,0.008604163924796716,0.03431697689886603,-0.06087639958071469
ETH->AVAX,4,-0.009775957980227226,0.03976801874637358,-0.050640858792859386
ETH->AVAX,8,0.0059301879941679484,-0.0017618487568895258,-0.004693369471187338
ETH->AVAX,24,0.02802506053151121,0.27343414230968505,-0.05164750098052349
ETH->DOT,1,0.0152178027851459,0.04629412858660393,0.034869182578298935
ETH->DOT,2,0.018373352107260637,0.041710751823020475,-0.0608940249195455
ETH->DOT,4,-0.007422229319569783,0.0,0.0
ETH->DOT,8,0.008345355806943856,-0.0050993549392699235,-0.007411369899852307
ETH->DOT,24,0.02692022087574336,0.1915163244534243,-0.014217187512454743
ETH->LINK,1,0.009698935542914091,-0.046510637995039635,-0.1416343091565213
ETH->LINK,2,0.02122307321857476,0.1346142864653707,0.035339827488082697
ETH->LINK,4,-0.009215508712004016,0.0,0.0
ETH->LINK,8,-0.015925382019735274,-0.07934848175052633,-0.08868354810005101
ETH->LINK,24,0.02813999537740093,0.17075401616407285,0.07453263480739887
ETH->LTC,1,0.006541681978788624,-0.12937361458291335,-0.2608129399665718
ETH->LTC,2,0.018144636711646452,0.05402215491347048,0.047601575666970396
ETH->LTC,4,0.0003643247742213709,-0.010402055274245448,-0.011156656917408584
ETH->LTC,8,-0.012907040285851072,-0.014772190737034582,-0.015958378612826674
ETH->LTC,24,0.03143772811336161,0.1414848675470623,0.019444432382561515
ETH->BCH,1,-0.036575924835730786,-0.26748178527871713,-0.38014023413516657
ETH->BCH,2,0.020730922442605614,0.10923429731601783,0.07194675515776143
ETH->BCH,4,-0.016800888190091696,-0.017987328303338303,-0.019190087543798615
ETH->BCH,8,-0.011559736577683976,0.0033582794018851814,0.0005518411741444489
ETH->BCH,24,0.032592142573726945,0.21317465848490103,0.04691996435664304
ETH->TRX,1,-0.014708550283420899,-0.17232501421879745,-0.19238553019225482
ETH->TRX,2,0.010181161521189648,0.03507065960482528,0.03374113675099084
ETH->TRX,4,-0.0021179856447798152,0.0008122734152382422,0.0003898234340736408
ETH->TRX,8,-0.027206176661326333,0.007339657809721033,0.00350844316472333
ETH->TRX,24,0.03203416579220313,0.05299671067581953,0.005507375865933018
ETH->EOS,1,0.0025500497865492758,0.05021683660640171,0.046865483842327096
ETH->EOS,2,0.01173101094893488,0.01322502012393583,0.012387181932917178
ETH->EOS,4,0.0026352620859391674,0.0,0.0
ETH->EOS,8,-0.0043999758154979725,0.0,0.0
ETH->EOS,24,0.032018170209298036,0.027458185707748516,0.015441513992231428
BTC:perp->spot,1,0.0030595510266794757,0.02588191053690137,-0.0007834659667100123
BTC:perp->spot,2,0.010196743673968507,0.0,0.0
BTC:perp->spot,4,-0.024395294182803253,0.005231599084466827,0.004564965750329883
BTC:perp->spot,8,-0.010580947224018682,-0.011310430688383725,-0.014643597359068443
BTC:perp->spot,24,0.02719104001073893,0.008489841406574045,0.00449276340866183
BTC:spot->perp,1,-0.00128953671379125,0.02175606162074256,-0.07920234502148277
BTC:spot->perp,2,0.011164231108123335,0.027081525953914946,0.010567925244378738
BTC:spot->perp,4,-0.01911729922473852,-0.013819174453913625,-0.01710917783399772
BTC:spot->perp,8,-0.01125242043888917,0.015820539227036433,-0.0143591748127762
BTC:spot->perp,24,0.026537609354647003,0.07189380830789523,0.009311644658675561
ETH:perp->spot,1,-0.011610935599117515,-0.04180481437596347,-0.08225282709788825
ETH:perp->spot,2,0.015129321082556886,0.023279506291801165,0.020782698961585157
ETH:perp->spot,4,-0.0019486533145250296,0.0,0.0
ETH:perp->spot,8,0.001291454734366207,0.0,0.0
ETH:perp->spot,24,0.03390564003391836,0.07261357459044848,0.032960837539684235
ETH:spot->perp,1,-0.014719633391413352,-0.1232479861429436,-0.2896254602490636
ETH:spot->perp,2,0.014910361125338245,0.031077931828286793,-0.010493247722001029
ETH:spot->perp,4,-0.0013406308172323042,0.03590074667484462,0.022464289087829815
ETH:spot->perp,8,0.0005869067701671423,-0.011230027586416585,-0.012766737824542448
ETH:spot->perp,24,0.033104514595793895,0.3015077639292038,0.06361887598070938
BNB:perp->spot,1,0.008050629796678326,0.020189477831645583,-0.04350120862879529
BNB:perp->spot,2,-0.011794559393854202,0.005281768727105044,0.004328464214064099
BNB:perp->spot,4,0.004490789590167038,-0.001543458422739169,-0.002417786441080856
BNB:perp->spot,8,-0.03041590400337426,-0.0277874779798307,-0.03636721859719921
BNB:perp->spot,24,0.04625781845289172,0.05376596003280602,0.0323878744336033
BNB:spot->perp,1,-0.02071557383721268,-0.1047685451608968,-0.26733391060775324
BNB:spot->perp,2,-0.0028656028464189515,-0.0047323350020931155,-0.005093990964855374
BNB:spot->perp,4,0.016447430760417023,0.05977514418240702,0.029107663847672802
BNB:spot->perp,8,0.003449858385248195,-0.0049925797089281805,-0.005600770359727107
BNB:spot->perp,24,0.04729278610897645,0.3635554204426665,0.07934462158234075
SOL:perp->spot,1,0.008260320933760279,0.03131193906187003,0.026632157712707306
SOL:perp->spot,2,0.007510266054962002,-0.008453048920828042,-0.013137193376449134
SOL:perp->spot,4,-0.007553983562023751,0.0,0.0
SOL:perp->spot,8,0.0122918348169805,0.002765639034297262,0.001594717500524674
SOL:perp->spot,24,0.016155295465065916,-0.05941881279949065,-0.0687866433902021
SOL:spot->perp,1,0.005983161734131271,-0.05902572516764125,-0.09224323300657049
SOL:spot->perp,2,0.009160800414325782,0.08667310051352863,0.027374978802311215
SOL:spot->perp,4,-0.010424511965943172,0.0,0.0
SOL:spot->perp,8,0.016795639615800266,0.24649942959654358,0.1945390223208527
SOL:spot->perp,24,0.017256831263581362,-0.006647859981270457,-0.09224746066537118
XRP:perp->spot,1,0.02430664483771477,0.11240287876089376,0.06644243361815153
XRP:perp->spot,2,0.011279173206254598,-0.05644610149632583,-0.06400158760846261
XRP:perp->spot,4,-0.01644051742801138,0.0,0.0
XRP:perp->spot,8,-0.006352741106765892,0.0,0.0
XRP:perp->spot,24,0.019776849889722052,0.06524835976229547,0.04814013021173346
XRP:spot->perp,1,0.01736426600339126,0.17502011082248958,-0.03309152506382578
XRP:spot->perp,2,0.007904255012270028,-0.0405753531925855,-0.07987434106008606
XRP:spot->perp,4,0.00230212916740336,0.03027522034517661,0.02254394695067127
XRP:spot->perp,8,0.0019771882127421945,-0.021299990282297922,-0.023693374786237575
XRP:spot->perp,24,0.024540804959919234,0.11967527779400322,0.08204432750116139
DOGE:perp->spot,1,0.014656509806577428,0.10320425586861189,-0.12350146038266899
DOGE:perp->spot,2,0.027806643124332012,-0.06548852004809443,-0.10347727168051019
DOGE:perp->spot,4,-0.024527907418085762,-0.1227454079588696,-0.1360257624246789
DOGE:perp->spot,8,0.021890764712595063,0.04688058374421256,0.01484419841070921
DOGE:perp->spot,24,0.00026395614906713166,0.01896785208025099,-0.27656244744204017
DOGE:spot->perp,1,0.012714804286435216,-0.044845454526167394,-0.11948736669254642
DOGE:spot->perp,2,0.02640119912397893,0.06558071692239069,-0.026068733401009427
DOGE:spot->perp,4,-0.004662327152062122,-0.012716182184366938,-0.05157235568839332
DOGE:spot->perp,8,0.019249551880510106,0.1217329339226186,-0.11735734919424565
DOGE:spot->perp,24,0.035143345423290485,0.971876523506032,-0.1016950577756688
LARGE5->ZEC,1,0.003918419235870046,0.060644082657410135,0.05604968429609837
LARGE5->ZEC,2,0.022679855903674384,0.020895464127241394,0.014643233080338226
LARGE5->ZEC,4,0.005927796770766121,-0.003762981068531635,-0.0049521856404771795
LARGE5->ZEC,8,-0.014407711268083422,-0.009859417667841007,-0.012583572699333983
LARGE5->ZEC,24,0.030078201560603583,0.03252806304023389,0.012249944281911979
LARGE5->XTZ,1,-4.670991873459276e-05,-0.061822768210839506,-0.08666292771089246
LARGE5->XTZ,2,0.027202847482644198,0.07027477952053049,0.04876632179814976
LARGE5->XTZ,4,0.010222032607377413,0.03534396172096331,0.020993083068847968
LARGE5->XTZ,8,-0.016449722422791375,-0.004480986838230051,-0.007660838585749133
LARGE5->XTZ,24,0.03787822499484055,0.1542766976801649,0.0511967579185909
LARGE5->IOTA,1,-0.01293509787618857,0.029946425841560466,0.029106858847017532
LARGE5->IOTA,2,0.02794190834388063,0.024056848735673157,0.018053683049834474
LARGE5->IOTA,4,-0.009217126380656417,0.0020262039221341207,0.0013987582754435978
LARGE5->IOTA,8,-0.017876288069810124,-0.014744827518341271,-0.018942662491055955
LARGE5->IOTA,24,0.03713693413846897,0.08633079289973179,0.032205119412045236
LARGE5->VET,1,-0.030711751540223355,-0.14023081859439557,-0.16457946004705692
LARGE5->VET,2,0.024446863670814264,0.05978763440269151,0.019934056012818172
LARGE5->VET,4,0.005738767395947733,0.01498535976695868,0.007141643436293809
LARGE5->VET,8,-0.0279089552294923,-0.07313200283649696,-0.08387405053620055
LARGE5->VET,24,0.042266609207305565,0.17657349740993236,-0.008232038163140278
LARGE5->THETA,1,0.005502627993606115,0.034065887052576724,0.013330601628968312
LARGE5->THETA,2,0.02093378928395902,0.04629663825893607,0.016200090293182284
LARGE5->THETA,4,-0.007418871308052174,-0.040490843600195815,-0.08661622072880569
LARGE5->THETA,8,0.008508184393500554,-0.005518974339496716,-0.006215013992080566
LARGE5->THETA,24,0.035338890927484844,0.1764694519503896,0.08129871192827988
LARGE5->ALGO,1,0.010564534637934815,0.015298490080698418,-0.01075922847681183
LARGE5->ALGO,2,0.020496902578471053,0.07795701689518407,0.04290497048722599
LARGE5->ALGO,4,-0.0033836434499779533,0.021281953031521528,0.014508220650492567
LARGE5->ALGO,8,-0.0005181136812227469,0.0,0.0
LARGE5->ALGO,24,0.03477052395693379,0.14100252822598616,0.009267556994591275
