pair,n_oos_bars,active_bars,n_trades,oos_ic,hit_rate,expectancy_bps,gross_sharpe,net_sharpe,net_total,net_hac_t,net_bps_by_trend,group,n_folds,fold_pos_frac,selected_lags,bh_sig_tests,n_tests,verdict
BTC->ETH,41606,1150,1895,0.010411469899739718,0.5234782608695652,-6.796200958055152,-0.13231164152211278,-1.0213270244883463,-1.2811582814378886,-2.1751645129744084,"bear:-0.88, bull:-0.28, sideways:+0.06",BTC->alts,10,0.6,"1,24,24,24,24,24,24,24,24,24",23,35,EDGE DOES NOT SURVIVE
BTC->BNB,40190,538,944,-0.0019606621243122273,0.5353159851301115,-20.005034317114614,-0.7467646331405287,-1.4195723478073798,-1.3880367501688278,-2.868603830397603,"bear:-1.13, bull:-0.10, sideways:-0.01",BTC->alts,10,0.5,"1,24,24,24,24,24,24,24,24,24",19,35,EDGE DOES NOT SURVIVE
BTC->SOL,35056,820,1455,0.015977559150329113,0.5073170731707317,-1.6347420555717362,0.3580484817119222,-0.5798769098257136,-0.5783666115862193,-1.247361176808919,"bear:-0.37, bull:-0.15, sideways:-0.04",BTC->alts,8,0.375,"2,2,24,24,24,24,24,24",27,35,EDGE DOES NOT SURVIVE
BTC->XRP,40862,234,425,0.016661287024446428,0.5170940170940171,-1.0502676920596603,0.18740967115363039,-0.21468298742353265,-0.1899839451278934,-0.46927648007059714,"bear:-0.04, bull:+0.05, sideways:-0.14",BTC->alts,10,0.3,"1,1,1,24,24,24,24,24,24,24",19,35,EDGE DOES NOT SURVIVE
BTC->ADA,40862,364,674,0.03899635698235749,0.5934065934065934,33.555921113747864,2.3089334901135614,1.422639502728058,0.9339369533376425,2.97792794838336,"bear:+0.53, bull:+0.10, sideways:+0.14",BTC->alts,10,0.9,"24,24,24,24,24,24,24,24,24,24",28,35,EDGE EXISTS
BTC->DOGE,36519,495,899,0.025434233930971623,0.5737373737373738,13.404344288645254,1.175294164756678,0.4027764941542218,0.34436893984707195,0.9475020412657043,"bear:+0.32, bull:-0.01, sideways:+0.04",BTC->alts,9,0.8888888888888888,"1,1,24,24,24,24,24,24,24",27,35,INSUFFICIENT EVIDENCE
BTC->AVAX,35056,896,1550,0.02216477544874238,0.5424107142857143,4.254873623252915,1.0019498091945267,-0.16860522665792277,-0.1680512640190988,-0.37021362836795246,"bear:-0.03, bull:-0.31, sideways:+0.15",BTC->alts,8,0.375,"2,24,24,24,24,24,24,24",22,35,EDGE DOES NOT SURVIVE
BTC->DOT,35775,278,516,0.020883115948126585,0.5611510791366906,11.456127868259722,0.9964690313459965,0.21450718439455396,0.11560644638303368,0.43161577020473285,"bear:+0.08, bull:+0.10, sideways:-0.05",BTC->alts,9,0.6666666666666666,"2,2,24,24,24,24,24,24,24",20,35,INSUFFICIENT EVIDENCE
BTC->LINK,40862,306,564,0.023774342257304577,0.5359477124183006,10.391780777008833,0.5635811277267031,0.09747625700406115,0.09808895919019964,0.2162178969992808,"bear:-0.06, bull:+0.04, sideways:+0.06",BTC->alts,10,0.4,"2,2,2,2,2,2,2,2,2,2",24,35,INSUFFICIENT EVIDENCE
BTC->LTC,40862,391,698,0.01239492097097229,0.5140664961636828,-17.995674930932662,-0.38098366946236534,-0.9307006736689004,-0.9704582377257883,-2.009755553753173,"bear:-0.81, bull:+0.06, sideways:-0.11",BTC->alts,10,0.4,"1,24,24,24,24,24,24,24,24,24",19,35,EDGE DOES NOT SURVIVE
BTC->BCH,41606,460,829,0.003497504210117402,0.532608695652174,-6.278174562022157,0.07848024819512393,-0.5113959983402167,-0.6140672610641296,-0.88168384370607,"bear:-0.73, bull:+0.10, sideways:+0.02",BTC->alts,10,0.5,"1,24,24,24,24,24,24,24,24,24",21,35,EDGE DOES NOT SURVIVE
BTC->TRX,40862,143,270,0.00728063630816183,0.4965034965034965,-26.645242800778647,-0.7013126255623988,-1.357406775049788,-0.5025766392777052,-2.582299109534579,"bear:-0.44, bull:+0.03, sideways:-0.04",BTC->alts,10,0.3,"1,24,24,24,24,24,24,24,24,24",21,35,INSUFFICIENT EVIDENCE
BTC->EOS,40862,12,24,0.017948937142064206,0.5,49.9490362620028,0.27156313917309827,0.13664201403335105,0.039979932871023804,0.35186074705768755,"bear:+0.02, bull:+0.03, sideways:-0.01",BTC->alts,10,0.2,"1,24,24,24,24,24,24,24,24,24",19,35,INSUFFICIENT EVIDENCE
ETH->BNB,40190,632,1132,0.0031489298457197047,0.5174050632911392,-17.772022138682818,-0.7414754588779804,-1.5098748545013017,-1.4889148912411607,-2.5502491289211253,"bear:-1.17, bull:-0.10, sideways:-0.05",ETH->alts,10,0.5,"1,24,24,24,24,24,24,24,24,24",19,35,EDGE DOES NOT SURVIVE
ETH->SOL,35056,1149,1989,0.010679120365969753,0.5134899912967799,-0.6362333776686625,0.5342098987715693,-0.5921857495099425,-0.6779103401092708,-1.206754908697059,"bear:-0.42, bull:-0.22, sideways:-0.02",ETH->alts,8,0.5,"2,2,24,24,24,24,24,24",24,35,EDGE DOES NOT SURVIVE
ETH->XRP,40862,165,315,0.03315100738140002,0.5878787878787879,22.558651515499832,1.2409338424645775,0.6637185324328047,0.259633347758661,1.5071356130000948,"bear:+0.03, bull:-0.01, sideways:+0.15",ETH->alts,10,0.7,"24,24,24,24,24,24,24,24,24,24",20,35,INSUFFICIENT EVIDENCE
ETH->ADA,40862,512,928,0.03862745341690174,0.52734375,15.368340650612232,1.5758428078822293,0.5133543756384593,0.39234327773079614,0.9853589133885721,"bear:+0.44, bull:-0.13, sideways:+0.07",ETH->alts,10,0.6,"24,24,24,24,24,24,24,24,24,24",24,35,INSUFFICIENT EVIDENCE
ETH->DOGE,36519,491,898,0.010494433967932086,0.5723014256619144,2.2816823896666647,0.48370350009042656,-0.2243640314205187,-0.20936253971347613,-0.5171141870709879,"bear:+0.04, bull:-0.02, sideways:-0.15",ETH->alts,9,0.5555555555555556,"2,1,1,24,24,1,2,24,24",27,35,EDGE DOES NOT SURVIVE
ETH->AVAX,35056,854,1516,0.02802506053151121,0.5105386416861827,4.186788537576,1.0195110100628724,-0.19266438546506043,-0.18105547943732314,-0.40177936625627336,"bear:-0.05, bull:-0.25, sideways:+0.11",ETH->alts,8,0.25,"24,24,24,24,24,24,24,24",20,35,EDGE DOES NOT SURVIVE
ETH->DOT,35775,494,900,0.02692022087574336,0.5384615384615384,6.1316884957021145,1.0557747825186614,-0.07848443869604418,-0.05086198832580684,-0.1598289288254981,"bear:+0.15, bull:-0.10, sideways:-0.05",ETH->alts,9,0.4444444444444444,"24,24,24,24,24,24,24,24,24",23,35,EDGE DOES NOT SURVIVE
ETH->LINK,40862,327,597,0.011824073573468498,0.5382262996941896,6.736688294881537,0.43930158526580293,-0.014225323616828923,-0.015472479048821243,-0.035867829888355865,"bear:-0.00, bull:-0.13, sideways:+0.10",ETH->alts,10,0.3,"2,24,2,24,24,24,24,2,24,24",25,35,EDGE DOES NOT SURVIVE
ETH->LTC,40862,551,983,0.011939831658397678,0.5045372050816697,-15.502968425665411,-0.3584151143069081,-1.0186410297275676,-1.2290733981340352,-2.1011717811694215,"bear:-1.10, bull:-0.06, sideways:+0.03",ETH->alts,10,0.3,"1,24,24,24,24,24,24,24,24,24",23,35,EDGE DOES NOT SURVIVE
ETH->BCH,41606,457,828,0.032592142573726945,0.5514223194748359,11.443092747326343,0.8246571942629427,0.18172404664318811,0.19521520370224904,0.39826160004243033,"bear:+0.15, bull:-0.09, sideways:+0.11",ETH->alts,10,0.7,"24,24,24,24,24,24,24,24,24,24",22,35,INSUFFICIENT EVIDENCE
ETH->TRX,40862,160,294,0.004288636095213502,0.4875,-45.73370183198891,-0.8352745900621769,-1.1917569092876616,-0.856576384176957,-1.635755873751876,"bear:-0.76, bull:-0.02, sideways:+0.00",ETH->alts,10,0.3,"1,24,24,24,24,24,24,24,24,24",17,35,INSUFFICIENT EVIDENCE
ETH->EOS,40862,15,29,0.032018170209298036,0.6,57.359705352387294,0.6101406484706006,0.35238780533703296,0.06309711447505606,0.7565604592558725,"bear:-0.00, bull:+0.00, sideways:+0.04",ETH->alts,10,0.4,"24,24,24,24,24,24,24,24,24,24",19,35,INSUFFICIENT EVIDENCE
BTC:perp->spot,41606,41,81,0.009611689640924773,0.5853658536585366,13.451934289561178,0.4444016537944765,-0.0012309598504375938,-0.00031329982202877053,-0.002809956287017402,"bear:-0.10, bull:+0.08, sideways:-0.00",perp->spot,10,0.1,"1,24,24,24,24,24,24,24,24,24",20,35,INSUFFICIENT EVIDENCE
BTC:spot->perp,41606,599,1043,0.007639389506673434,0.5509181969949917,-1.4223829426746903,0.30513825537133316,-0.4737281305668486,-0.3495193908628325,-1.0419902052642964,"bear:-0.43, bull:+0.02, sideways:+0.05",spot->perp,10,0.5,"1,24,24,24,24,24,24,24,24,24",22,35,EDGE DOES NOT SURVIVE
ETH:perp->spot,41606,107,193,0.005600128084198188,0.5327102803738317,-17.31999173420678,-0.07906919686956106,-0.5051232588017778,-0.3092726338530005,-0.8785866138484829,"bear:-0.37, bull:+0.03, sideways:+0.03",perp->spot,10,0.4,"1,24,24,24,24,24,24,24,24,24",23,35,INSUFFICIENT EVIDENCE
ETH:spot->perp,41606,988,1755,0.033104514595793895,0.5445344129554656,7.423410396597897,1.1806201095120965,0.24918517885623429,0.2646926954053394,0.5422579466585684,"bear:+0.51, bull:-0.24, sideways:+0.03",spot->perp,10,0.6,"24,24,24,24,24,24,24,24,24,24",25,35,INSUFFICIENT EVIDENCE
BNB:perp->spot,41606,91,165,0.02046703482157686,0.5824175824175825,-17.7987786919435,0.01680820488558838,-0.40580544747539427,-0.3177770497085294,-1.0666996378819935,"bear:-0.29, bull:+0.02, sideways:-0.02",perp->spot,10,0.3,"1,24,24,24,24,24,24,24,24,24",21,35,INSUFFICIENT EVIDENCE
BNB:spot->perp,40190,1120,1891,0.0009039681638868104,0.5410714285714285,-5.154795539729179,0.11141710593533716,-0.9670878142310663,-1.1775644578052429,-2.1516052571082858,"bear:-1.15, bull:+0.04, sideways:+0.02",spot->perp,10,0.5,"1,24,24,24,24,24,24,24,24,24",24,35,EDGE DOES NOT SURVIVE
SOL:perp->spot,35775,8,16,0.012945952970027024,0.375,-145.41663507035105,-0.2165934534352344,-0.2881319080825544,-0.1330900150254159,-0.5653872518453021,"bear:-0.14, bull:+0.00, sideways:-0.00",perp->spot,9,0.1111111111111111,"24,1,24,24,24,24,24,24,24",25,35,INSUFFICIENT EVIDENCE
SOL:spot->perp,35056,284,507,0.010251623880788202,0.5140845070422535,-13.04459732033468,-0.22302492489145181,-0.5987153274543285,-0.526138467667558,-1.2170759459874005,"bear:-0.47, bull:-0.09, sideways:+0.01",spot->perp,8,0.25,"2,24,24,24,24,24,24,24",27,35,EDGE DOES NOT SURVIVE
XRP:perp->spot,41606,48,85,0.023381501307694716,0.5833333333333334,88.29006930707725,0.5672887597064754,0.37266930451749736,0.3437096951097729,0.950051173436601,"bear:-0.03, bull:+0.22, sideways:+0.03",perp->spot,10,0.3,"1,1,1,1,24,1,24,24,24,24",23,35,INSUFFICIENT EVIDENCE
XRP:spot->perp,40862,532,906,0.021394885057390744,0.5488721804511278,10.291971251733123,0.6564491662908244,0.13501984038322548,0.20224190870309558,0.31895813239314214,"bear:-0.57, bull:+0.46, sideways:+0.11",spot->perp,10,0.6,"1,1,1,1,24,24,24,24,24,24",25,35,INSUFFICIENT EVIDENCE
DOGE:perp->spot,41606,489,854,0.027270004034296524,0.5480572597137015,4.640833681423115,0.5097232604417723,-0.2575266671647935,-0.7022509973297618,-0.7616963406992708,"bear:-0.16, bull:-0.16, sideways:-0.18",perp->spot,10,0.4,"1,24,24,24,24,24,24,24,24,24",30,35,EDGE DOES NOT SURVIVE
DOGE:spot->perp,36519,3141,5084,0.035143345423290485,0.5227634511302133,4.224067001157466,1.9931314553036454,-0.20866321289824855,-0.37138018149096486,-0.3896455464634384,"bear:+0.40, bull:-0.33, sideways:-0.23",spot->perp,9,0.1111111111111111,"24,24,24,24,24,24,24,24,24",27,35,EDGE DOES NOT SURVIVE
LARGE5->ZEC,40190,36,67,0.030078201560603583,0.5555555555555556,23.988045485545726,0.5867717049709914,0.22440422780891145,0.04923252606900424,0.48766850868711914,"bear:+0.02, bull:+0.01, sideways:+0.01",basket->smallcap,10,0.4,"24,24,24,24,24,24,24,24,24,24",25,35,INSUFFICIENT EVIDENCE
LARGE5->XTZ,40190,197,344,0.03787822499484055,0.5888324873096447,20.149618865378496,1.1016327097624805,0.367333495803518,0.20575977007481683,0.7359060015346343,"bear:+0.11, bull:+0.02, sideways:+0.04",basket->smallcap,10,0.4,"24,24,24,24,24,24,24,24,24,24",26,35,INSUFFICIENT EVIDENCE
LARGE5->IOTA,40190,83,148,0.03713693413846897,0.5783132530120482,28.005039290640443,1.0002840511995719,0.3780437979662071,0.1294323749170098,0.7106335636346733,"bear:+0.05, bull:+0.01, sideways:+0.04",basket->smallcap,10,0.6,"24,24,24,24,24,24,24,24,24,24",23,35,INSUFFICIENT EVIDENCE
LARGE5->VET,40190,347,612,0.042266609207305565,0.547550432276657,8.99576229548565,0.9116612400087977,-0.04248457444707092,-0.033084561377660776,-0.07998532806476255,"bear:+0.07, bull:-0.00, sideways:-0.06",basket->smallcap,10,0.4,"24,24,24,24,24,24,24,24,24,24",23,35,EDGE DOES NOT SURVIVE
LARGE5->THETA,37983,165,294,0.035338890927484844,0.5878787878787879,29.099483670342693,1.370607881183646,0.6368183156833057,0.3087968975171855,1.1082619162390808,"bear:+0.21, bull:+0.01, sideways:+0.05",basket->smallcap,9,0.6666666666666666,"24,24,24,24,24,24,24,24,24",23,35,INSUFFICIENT EVIDENCE
LARGE5->ALGO,37263,243,427,0.03477052395693379,0.5308641975308642,10.843594595732336,0.9566520869605342,0.06314222592851298,0.03453369762894547,0.12127125400809773,"bear:-0.16, bull:-0.00, sideways:+0.13",basket->smallcap,9,0.4444444444444444,"24,24,24,24,24,24,24,24,24",20,35,INSUFFICIENT EVIDENCE
