pair,test_start,test_end,selected_lag,train_t,cost_side_bps,oos_net
BTC->ETH,2021-01-01 00:00:00+00:00,2021-07-01 00:00:00+00:00,1,-4.5442674341486695,5.69669160481277,-1.4097627087772246
BTC->ETH,2021-07-01 00:00:00+00:00,2022-01-01 00:00:00+00:00,24,-3.482703759455529,5.4652343052513475,0.03783933336128425
BTC->ETH,2022-01-01 00:00:00+00:00,2022-07-01 00:00:00+00:00,24,-3.622392164457548,5.36884444992651,-0.05835830286086119
BTC->ETH,2022-07-01 00:00:00+00:00,2023-01-01 00:00:00+00:00,24,-3.6967909349018404,5.5715626294349985,0.1043205768808269
BTC->ETH,2023-01-01 00:00:00+00:00,2023-07-01 00:00:00+00:00,24,-4.3088865582584726,5.237970533299544,0.01199914379048115
BTC->ETH,2023-07-01 00:00:00+00:00,2024-01-01 00:00:00+00:00,24,-4.386627893823909,5.254066789659994,0.0069202925301593814
BTC->ETH,2024-01-01 00:00:00+00:00,2024-07-01 00:00:00+00:00,24,-4.545048681547819,5.260270940327153,0.013361024731411274
BTC->ETH,2024-07-01 00:00:00+00:00,2025-01-01 00:00:00+00:00,24,-4.62239307652507,5.217569859104227,-0.02633507205797287
BTC->ETH,2025-01-01 00:00:00+00:00,2025-07-01 00:00:00+00:00,24,-4.919486147732364,5.264550226496055,0.03956096105996486
BTC->ETH,2025-07-01 00:00:00+00:00,2025-10-01 00:00:00+00:00,24,-5.0095714968842975,5.226124356950948,-0.000703530095957576
BTC->BNB,2021-03-01 00:00:00+00:00,2021-09-01 00:00:00+00:00,1,-3.3889330180413766,7.267476571707583,-1.4812976525495873
BTC->BNB,2021-09-01 00:00:00+00:00,2022-03-01 00:00:00+00:00,24,-3.0811874970691346,6.092235273086902,0.002913187689726572
BTC->BNB,2022-03-01 00:00:00+00:00,2022-09-01 00:00:00+00:00,24,-3.1457743413975967,6.430550753974355,-0.0024845848232142725
BTC->BNB,2022-09-01 00:00:00+00:00,2023-03-01 00:00:00+00:00,24,-3.868747871040242,6.129355854717539,0.041477507908538803
BTC->BNB,2023-03-01 00:00:00+00:00,2023-09-01 00:00:00+00:00,24,-4.04494914836106,6.005124995214065,0.03626854625298809
BTC->BNB,2023-09-01 00:00:00+00:00,2024-03-01 00:00:00+00:00,24,-4.221510003146135,6.234106200785035,-0.008411602526381949
BTC->BNB,2024-03-01 00:00:00+00:00,2024-09-01 00:00:00+00:00,24,-4.2705528582722225,6.083501213963118,0.004697773679498068
BTC->BNB,2024-09-01 00:00:00+00:00,2025-03-01 00:00:00+00:00,24,-4.5365596708353815,6.562785694277629,-0.0028150227412519716
BTC->BNB,2025-03-01 00:00:00+00:00,2025-09-01 00:00:00+00:00,24,-4.930988516352903,6.286537882232885,0.021615096940855956
BTC->BNB,2025-09-01 00:00:00+00:00,2025-10-01 00:00:00+00:00,24,-4.860251430809517,5.937272373618065,0.0
BTC->SOL,2021-10-01 00:00:00+00:00,2022-04-01 00:00:00+00:00,2,-3.2801483769680386,6.336459867945445,-0.5739827413525538
BTC->SOL,2022-04-01 00:00:00+00:00,2022-10-01 00:00:00+00:00,2,-2.980268826178318,6.403061860321233,-0.12464862665333631
BTC->SOL,2022-10-01 00:00:00+00:00,2023-04-01 00:00:00+00:00,24,-3.50586722510057,6.515097002454035,0.2190618330927377
BTC->SOL,2023-04-01 00:00:00+00:00,2023-10-01 00:00:00+00:00,24,-3.4152672896982033,6.829483163533943,0.04294347538210046
BTC->SOL,2023-10-01 00:00:00+00:00,2024-04-01 00:00:00+00:00,24,-3.6787984205930386,6.228325948360145,-0.01843472030945791
BTC->SOL,2024-04-01 00:00:00+00:00,2024-10-01 00:00:00+00:00,24,-4.0066057980986285,5.983915693067453,0.00376626458096916
BTC->SOL,2024-10-01 00:00:00+00:00,2025-04-01 00:00:00+00:00,24,-4.221993843757249,5.849869191036235,-0.01963284706162973
BTC->SOL,2025-04-01 00:00:00+00:00,2025-10-01 00:00:00+00:00,24,-4.387775455304714,6.020320120013556,-0.10743924926504889
BTC->XRP,2021-02-01 00:00:00+00:00,2021-08-01 00:00:00+00:00,1,-2.133124910622959,8.523362428322939,-0.37189824684232314
BTC->XRP,2021-08-01 00:00:00+00:00,2022-02-01 00:00:00+00:00,1,-1.9152541034171395,7.265197554456874,-0.005370440558139927
BTC->XRP,2022-02-01 00:00:00+00:00,2022-08-01 00:00:00+00:00,1,-2.032868229220785,7.5746525098057935,0.15819956094950277
BTC->XRP,2022-08-01 00:00:00+00:00,2023-02-01 00:00:00+00:00,24,-2.635953069939275,7.600256321154222,-0.03237594057500895
BTC->XRP,2023-02-01 00:00:00+00:00,2023-08-01 00:00:00+00:00,24,-2.9484985950615594,6.900628958758188,0.002357872266080816
BTC->XRP,2023-08-01 00:00:00+00:00,2024-02-01 00:00:00+00:00,24,-3.1494145279621915,7.139798660219717,-0.00658405950161527
BTC->XRP,2024-02-01 00:00:00+00:00,2024-08-01 00:00:00+00:00,24,-3.219884702915945,7.103673549056609,-0.010179451252464573
BTC->XRP,2024-08-01 00:00:00+00:00,2025-02-01 00:00:00+00:00,24,-3.1958583788689596,7.138989386410776,-0.031905567288916054
BTC->XRP,2025-02-01 00:00:00+00:00,2025-08-01 00:00:00+00:00,24,-3.75257994638289,6.61184573773103,0.107772327674991
BTC->XRP,2025-08-01 00:00:00+00:00,2025-10-01 00:00:00+00:00,24,-3.8618112398009417,6.53334097571034,0.0
BTC->ADA,2021-02-01 00:00:00+00:00,2021-08-01 00:00:00+00:00,24,-2.5896397831248423,10.727683693875418,0.31438596979242844
BTC->ADA,2021-08-01 00:00:00+00:00,2022-02-01 00:00:00+00:00,24,-3.816345849851609,8.312767123109243,0.20096094593694946
BTC->ADA,2022-02-01 00:00:00+00:00,2022-08-01 00:00:00+00:00,24,-4.147985108754904,8.373005150077383,0.2307563328028822
BTC->ADA,2022-08-01 00:00:00+00:00,2023-02-01 00:00:00+00:00,24,-4.964469288075205,8.43618922556421,0.08784526920346702
BTC->ADA,2023-02-01 00:00:00+00:00,2023-08-01 00:00:00+00:00,24,-5.249508433865348,8.665559287211284,0.009495245806236658
BTC->ADA,2023-08-01 00:00:00+00:00,2024-02-01 00:00:00+00:00,24,-5.396170208055501,8.518183579331785,0.015240440657273462
BTC->ADA,2024-02-01 00:00:00+00:00,2024-08-01 00:00:00+00:00,24,-5.459013214310124,8.778857969702182,-0.025083048216502736
BTC->ADA,2024-08-01 00:00:00+00:00,2025-02-01 00:00:00+00:00,24,-5.382775939504535,9.129613539932963,0.01579473705153037
BTC->ADA,2025-02-01 00:00:00+00:00,2025-08-01 00:00:00+00:00,24,-5.89750734675641,8.3801225997815,0.08398276297667935
BTC->ADA,2025-08-01 00:00:00+00:00,2025-10-01 00:00:00+00:00,24,-5.744169992476201,8.166221017592367,0.0005582973266980968
BTC->DOGE,2021-08-01 00:00:00+00:00,2022-02-01 00:00:00+00:00,1,-1.8149258844511618,7.189854718187092,0.1538039803832663
BTC->DOGE,2022-02-01 00:00:00+00:00,2022-08-01 00:00:00+00:00,1,-2.247221276919975,7.429976949818821,0.018819674974550116
BTC->DOGE,2022-08-01 00:00:00+00:00,2023-02-01 00:00:00+00:00,24,-2.8197701961047645,8.059981937800726,0.1578559767456293
BTC->DOGE,2023-02-01 00:00:00+00:00,2023-08-01 00:00:00+00:00,24,-3.24357353498801,6.909676065878462,0.009880132050945626
BTC->DOGE,2023-08-01 00:00:00+00:00,2024-02-01 00:00:00+00:00,24,-3.3006137710852634,6.821658264425044,0.0015769112440708333
BTC->DOGE,2024-02-01 00:00:00+00:00,2024-08-01 00:00:00+00:00,24,-3.327948779331554,7.103929176197104,0.044861480056268
BTC->DOGE,2024-08-01 00:00:00+00:00,2025-02-01 00:00:00+00:00,24,-3.2635841855191714,7.294170174034019,-0.05059971749705665
BTC->DOGE,2025-02-01 00:00:00+00:00,2025-08-01 00:00:00+00:00,24,-3.7896411769134057,6.61155254232264,0.0023897819534395154
BTC->DOGE,2025-08-01 00:00:00+00:00,2025-10-01 00:00:00+00:00,24,-3.7833947371586643,6.5703200346574935,0.00578071993595896
BTC->AVAX,2021-10-01 00:00:00+00:00,2022-04-01 00:00:00+00:00,2,-3.839873360621227,7.681822077811473,-0.2566924414958943
BTC->AVAX,2022-04-01 00:00:00+00:00,2022-10-01 00:00:00+00:00,24,-3.9354144431238267,6.8994379684061276,0.30927789111513926
BTC->AVAX,2022-10-01 00:00:00+00:00,2023-04-01 00:00:00+00:00,24,-4.812887016243301,7.375920362965594,0.03853554960061119
BTC->AVAX,2023-04-01 00:00:00+00:00,2023-10-01 00:00:00+00:00,24,-4.811266427898931,7.637555311783478,0.007878314365266233
BTC->AVAX,2023-10-01 00:00:00+00:00,2024-04-01 00:00:00+00:00,24,-4.901012598918252,7.266911520327692,-0.12074293180447397
BTC->AVAX,2024-04-01 00:00:00+00:00,2024-10-01 00:00:00+00:00,24,-5.137666584275917,7.269689125911976,-0.050807965925581
BTC->AVAX,2024-10-01 00:00:00+00:00,2025-04-01 00:00:00+00:00,24,-5.036035264715363,7.412782291064605,-0.08147103184040855
BTC->AVAX,2025-04-01 00:00:00+00:00,2025-10-01 00:00:00+00:00,24,-5.204564886676289,7.880218807239432,-0.014028648033757626
BTC->DOT,2021-09-01 00:00:00+00:00,2022-03-01 00:00:00+00:00,2,-2.8367535552739205,7.706452719769568,-0.19485402772282184
BTC->DOT,2022-03-01 00:00:00+00:00,2022-09-01 00:00:00+00:00,2,-2.893958014035315,8.059417690144054,0.07057528221650418
BTC->DOT,2022-09-01 00:00:00+00:00,2023-03-01 00:00:00+00:00,24,-3.7806582856708446,8.021474484556258,0.08565737107928592
BTC->DOT,2023-03-01 00:00:00+00:00,2023-09-01 00:00:00+00:00,24,-3.9058153427633258,7.977702149398902,0.00026035529031764176
BTC->DOT,2023-09-01 00:00:00+00:00,2024-03-01 00:00:00+00:00,24,-3.959332159228598,8.276219671180211,0.0797613597827686
BTC->DOT,2024-03-01 00:00:00+00:00,2024-09-01 00:00:00+00:00,24,-3.973529125036935,8.002451166842594,-0.0080015223271647
BTC->DOT,2024-09-01 00:00:00+00:00,2025-03-01 00:00:00+00:00,24,-4.04139328717096,9.327339622333337,0.021403915902888593
BTC->DOT,2025-03-01 00:00:00+00:00,2025-09-01 00:00:00+00:00,24,-4.584652866781523,9.454784036704346,0.06080371216125537
BTC->DOT,2025-09-01 00:00:00+00:00,2025-10-01 00:00:00+00:00,24,-4.54884708425333,8.145737506285387,0.0
BTC->LINK,2021-02-01 00:00:00+00:00,2021-08-01 00:00:00+00:00,2,-2.0087186611751524,8.315059789490192,0.03473183260245239
BTC->LINK,2021-08-01 00:00:00+00:00,2022-02-01 00:00:00+00:00,2,-2.8377136874884927,8.127040271285244,-0.12206708973547448
BTC->LINK,2022-02-01 00:00:00+00:00,2022-08-01 00:00:00+00:00,2,-2.880674230997789,7.799644141803846,0.17907178470071788
BTC->LINK,2022-08-01 00:00:00+00:00,2023-02-01 00:00:00+00:00,2,-3.2531440448039977,8.288387531293184,-0.038133340506144246
BTC->LINK,2023-02-01 00:00:00+00:00,2023-08-01 00:00:00+00:00,2,-3.34368370020589,7.4727826489389715,-0.061697951035564226
BTC->LINK,2023-08-01 00:00:00+00:00,2024-02-01 00:00:00+00:00,2,-3.2065068005216246,7.254702749042725,0.008031007739727867
BTC->LINK,2024-02-01 00:00:00+00:00,2024-08-01 00:00:00+00:00,2,-3.254629192425665,7.664628083827984,0.11211512866553872
BTC->LINK,2024-08-01 00:00:00+00:00,2025-02-01 00:00:00+00:00,2,-3.556133444012574,8.191859420280199,-0.010568857888083538
BTC->LINK,2025-02-01 00:00:00+00:00,2025-08-01 00:00:00+00:00,2,-3.5838584100940793,7.7934252183547,-0.0033935553529706314
BTC->LINK,2025-08-01 00:00:00+00:00,2025-10-01 00:00:00+00:00,2,-3.679576492329135,7.400894207270923,0.0
BTC->LTC,2021-02-01 00:00:00+00:00,2021-08-01 00:00:00+00:00,1,-3.5836546785603556,8.078334830102758,-0.8721404331113005
BTC->LTC,2021-08-01 00:00:00+00:00,2022-02-01 00:00:00+00:00,24,-3.479219316528107,7.586246294826562,-0.09469084740163144
BTC->LTC,2022-02-01 00:00:00+00:00,2022-08-01 00:00:00+00:00,24,-3.3644834423622005,7.831019876639431,0.06085367364478562
BTC->LTC,2022-08-01 00:00:00+00:00,2023-02-01 00:00:00+00:00,24,-4.015422033409029,8.219999670564892,0.03587283361508939
BTC->LTC,2023-02-01 00:00:00+00:00,2023-08-01 00:00:00+00:00,24,-4.278409021566108,7.00045601411343,0.022288665914952984
BTC->LTC,2023-08-01 00:00:00+00:00,2024-02-01 00:00:00+00:00,24,-4.319660059438444,6.611901262066374,-0.03144831135538789
BTC->LTC,2024-02-01 00:00:00+00:00,2024-08-01 00:00:00+00:00,24,-4.379764831253978,7.42477366288535,-0.092045368395261
BTC->LTC,2024-08-01 00:00:00+00:00,2025-02-01 00:00:00+00:00,24,-4.224460468869199,7.901900333635988,-0.03036041168756068
BTC->LTC,2025-02-01 00:00:00+00:00,2025-08-01 00:00:00+00:00,24,-4.700559505725855,7.577535563626657,0.03121196105052552
BTC->LTC,2025-08-01 00:00:00+00:00,2025-10-01 00:00:00+00:00,24,-4.7446574320478,7.221674081218999,0.0
BTC->BCH,2021-01-01 00:00:00+00:00,2021-07-01 00:00:00+00:00,1,-2.9435364534653767,8.340333493098635,-0.7687546250123463
BTC->BCH,2021-07-01 00:00:00+00:00,2022-01-01 00:00:00+00:00,24,-3.231040073478743,7.885731594311752,0.0391029340812372
BTC->BCH,2022-01-01 00:00:00+00:00,2022-07-01 00:00:00+00:00,24,-3.5055803126358818,8.020764562313387,0.041285138372864474
BTC->BCH,2022-07-01 00:00:00+00:00,2023-01-01 00:00:00+00:00,24,-3.8200619527973245,9.165302387353309,-0.0029963875002746113
BTC->BCH,2023-01-01 00:00:00+00:00,2023-07-01 00:00:00+00:00,24,-4.145360461672644,7.50814831719034,0.02342333771482534
BTC->BCH,2023-07-01 00:00:00+00:00,2024-01-01 00:00:00+00:00,24,-4.193079788739526,7.286024753106377,0.007107605002477307
BTC->BCH,2024-01-01 00:00:00+00:00,2024-07-01 00:00:00+00:00,24,-4.342611852207905,7.441373124701936,-0.07764756119652648
BTC->BCH,2024-07-01 00:00:00+00:00,2025-01-01 00:00:00+00:00,24,-4.329673497571088,7.516935985422876,-0.00952755605806485
BTC->BCH,2025-01-01 00:00:00+00:00,2025-07-01 00:00:00+00:00,24,-4.780110010561843,7.864310817767841,0.1367860407154522
BTC->BCH,2025-07-01 00:00:00+00:00,2025-10-01 00:00:00+00:00,24,-4.887282678349474,7.106252779504242,-0.0028461871837739787
BTC->TRX,2021-02-01 00:00:00+00:00,2021-08-01 00:00:00+00:00,1,-2.4193537066140167,11.182220915992579,-0.39232293228006726
BTC->TRX,2021-08-01 00:00:00+00:00,2022-02-01 00:00:00+00:00,24,-2.874870033825466,8.631075565173969,-0.00782276891082491
BTC->TRX,2022-02-01 00:00:00+00:00,2022-08-01 00:00:00+00:00,24,-3.1025533982138556,8.684811632724088,-0.031116363695773953
BTC->TRX,2022-08-01 00:00:00+00:00,2023-02-01 00:00:00+00:00,24,-3.650534023042988,7.623709923237593,-0.0602771310616509
BTC->TRX,2023-02-01 00:00:00+00:00,2023-08-01 00:00:00+00:00,24,-3.772316774424078,7.669789973347639,0.0020668747956234445
BTC->TRX,2023-08-01 00:00:00+00:00,2024-02-01 00:00:00+00:00,24,-3.7946305322711367,7.494494025281988,-0.010287960824225976
BTC->TRX,2024-02-01 00:00:00+00:00,2024-08-01 00:00:00+00:00,24,-3.8930954910838946,7.425707977572806,-0.014464715974160974
BTC->TRX,2024-08-01 00:00:00+00:00,2025-02-01 00:00:00+00:00,24,-3.9354900260958567,7.09337719046142,0.0028100369356670162
BTC->TRX,2025-02-01 00:00:00+00:00,2025-08-01 00:00:00+00:00,24,-4.221366572462383,7.296448877974858,0.008838321737708278
BTC->TRX,2025-08-01 00:00:00+00:00,2025-10-01 00:00:00+00:00,24,-4.431125335763238,6.7291928801335015,0.0
BTC->EOS,2021-02-01 00:00:00+00:00,2021-08-01 00:00:00+00:00,1,-2.7488233795720554,17.117872080702085,0.04151338796302826
BTC->EOS,2021-08-01 00:00:00+00:00,2022-02-01 00:00:00+00:00,24,-3.1532862216097026,15.513247480879233,-0.004695765271827267
BTC->EOS,2022-02-01 00:00:00+00:00,2022-08-01 00:00:00+00:00,24,-3.225132552597337,16.08818428448081,0.006268600288210746
BTC->EOS,2022-08-01 00:00:00+00:00,2023-02-01 00:00:00+00:00,24,-3.9665389582359283,16.63407752879133,0.0
BTC->EOS,2023-02-01 00:00:00+00:00,2023-08-01 00:00:00+00:00,24,-4.34524152573422,15.531450541939638,-0.0031062901083879274
BTC->EOS,2023-08-01 00:00:00+00:00,2024-02-01 00:00:00+00:00,24,-4.349961614892699,15.590018733645026,0.0
BTC->EOS,2024-02-01 00:00:00+00:00,2024-08-01 00:00:00+00:00,24,-4.382716401101949,16.202531100654458,0.0
BTC->EOS,2024-08-01 00:00:00+00:00,2025-02-01 00:00:00+00:00,24,-4.238963169209068,16.660228554123606,0.0
BTC->EOS,2025-02-01 00:00:00+00:00,2025-08-01 00:00:00+00:00,24,-4.723874198331952,17.154165232598935,0.0
BTC->EOS,2025-08-01 00:00:00+00:00,2025-10-01 00:00:00+00:00,24,-4.855547244576036,16.555677962810588,0.0
ETH->BNB,2021-03-01 00:00:00+00:00,2021-09-01 00:00:00+00:00,1,-2.7826061401587574,7.267476571707583,-1.2854593451856813
ETH->BNB,2021-09-01 00:00:00+00:00,2022-03-01 00:00:00+00:00,24,-3.9088339343385767,6.092235273086902,-0.1776572960115832
ETH->BNB,2022-03-01 00:00:00+00:00,2022-09-01 00:00:00+00:00,24,-3.874537685222375,6.430550753974355,0.018162313292949962
ETH->BNB,2022-09-01 00:00:00+00:00,2023-03-01 00:00:00+00:00,24,-4.560816328963754,6.129355854717539,-0.05719307749794961
ETH->BNB,2023-03-01 00:00:00+00:00,2023-09-01 00:00:00+00:00,24,-4.677852146725398,6.005124995214065,0.00394068334745028
ETH->BNB,2023-09-01 00:00:00+00:00,2024-03-01 00:00:00+00:00,24,-4.789899807652085,6.234106200785035,-0.0001904869320599879
ETH->BNB,2024-03-01 00:00:00+00:00,2024-09-01 00:00:00+00:00,24,-4.845683568254246,6.083501213963118,-0.008105038202716536
ETH->BNB,2024-09-01 00:00:00+00:00,2025-03-01 00:00:00+00:00,24,-5.066656815214109,6.562785694277629,0.006578931148254509
ETH->BNB,2025-03-01 00:00:00+00:00,2025-09-01 00:00:00+00:00,24,-5.510458707901341,6.286537882232885,0.010086393925493639
ETH->BNB,2025-09-01 00:00:00+00:00,2025-10-01 00:00:00+00:00,24,-5.418722085509937,5.937272373618065,0.000922030874681414
ETH->SOL,2021-10-01 00:00:00+00:00,2022-04-01 00:00:00+00:00,2,-3.952165412019349,6.336459867945445,-0.3674589916023657
ETH->SOL,2022-04-01 00:00:00+00:00,2022-10-01 00:00:00+00:00,2,-3.701213973525044,6.403061860321233,-0.37303075749653203
ETH->SOL,2022-10-01 00:00:00+00:00,2023-04-01 00:00:00+00:00,24,-3.8642500814696383,6.515097002454035,0.004234944269543992
ETH->SOL,2023-04-01 00:00:00+00:00,2023-10-01 00:00:00+00:00,24,-3.6990681686242435,6.829483163533943,0.006903189560667294
ETH->SOL,2023-10-01 00:00:00+00:00,2024-04-01 00:00:00+00:00,24,-3.9057926595781973,6.228325948360145,-0.04694845059213466
ETH->SOL,2024-04-01 00:00:00+00:00,2024-10-01 00:00:00+00:00,24,-4.033707097628332,5.983915693067453,0.1125545107603939
ETH->SOL,2024-10-01 00:00:00+00:00,2025-04-01 00:00:00+00:00,24,-4.260276212435074,5.849869191036235,0.026195307785227204
ETH->SOL,2025-04-01 00:00:00+00:00,2025-10-01 00:00:00+00:00,24,-4.480756387732459,6.020320120013556,-0.04036009279407066
ETH->XRP,2021-02-01 00:00:00+00:00,2021-08-01 00:00:00+00:00,24,-1.6801275306273697,8.523362428322939,0.06752338695760957
ETH->XRP,2021-08-01 00:00:00+00:00,2022-02-01 00:00:00+00:00,24,-2.7269121982594187,7.265197554456874,-0.021150284344237637
ETH->XRP,2022-02-01 00:00:00+00:00,2022-08-01 00:00:00+00:00,24,-2.8034310366268183,7.5746525098057935,0.0077899052036954275
ETH->XRP,2022-08-01 00:00:00+00:00,2023-02-01 00:00:00+00:00,24,-3.642663598557327,7.600256321154222,-0.004388071948449715
ETH->XRP,2023-02-01 00:00:00+00:00,2023-08-01 00:00:00+00:00,24,-3.845378822308126,6.900628958758188,-0.0027525250903082336
ETH->XRP,2023-08-01 00:00:00+00:00,2024-02-01 00:00:00+00:00,24,-4.056509961612501,7.139798660219717,0.014106361704512503
ETH->XRP,2024-02-01 00:00:00+00:00,2024-08-01 00:00:00+00:00,24,-4.130800327022125,7.103673549056609,0.0024082785326241356
ETH->XRP,2024-08-01 00:00:00+00:00,2025-02-01 00:00:00+00:00,24,-4.097129621633106,7.138989386410776,0.04038482679206637
ETH->XRP,2025-02-01 00:00:00+00:00,2025-08-01 00:00:00+00:00,24,-4.693017917541,6.61184573773103,0.13456250850174603
ETH->XRP,2025-08-01 00:00:00+00:00,2025-10-01 00:00:00+00:00,24,-4.856329057171287,6.53334097571034,0.02114896144940253
ETH->ADA,2021-02-01 00:00:00+00:00,2021-08-01 00:00:00+00:00,24,-3.2651887727288575,10.727683693875418,0.34814938158395214
ETH->ADA,2021-08-01 00:00:00+00:00,2022-02-01 00:00:00+00:00,24,-4.4247299057881815,8.312767123109243,-0.15636956934153667
ETH->ADA,2022-02-01 00:00:00+00:00,2022-08-01 00:00:00+00:00,24,-4.574918331262091,8.373005150077383,0.19576962175743795
ETH->ADA,2022-08-01 00:00:00+00:00,2023-02-01 00:00:00+00:00,24,-5.415754683597151,8.43618922556421,-0.08054044200365687
ETH->ADA,2023-02-01 00:00:00+00:00,2023-08-01 00:00:00+00:00,24,-5.588310764741921,8.665559287211284,-0.015051827569760987
ETH->ADA,2023-08-01 00:00:00+00:00,2024-02-01 00:00:00+00:00,24,-5.6903169239897045,8.518183579331785,0.0038519039261390615
ETH->ADA,2024-02-01 00:00:00+00:00,2024-08-01 00:00:00+00:00,24,-5.690639561818416,8.778857969702182,-0.08965981706877921
ETH->ADA,2024-08-01 00:00:00+00:00,2025-02-01 00:00:00+00:00,24,-5.53755510013076,9.129613539932963,0.003830711382247682
ETH->ADA,2025-02-01 00:00:00+00:00,2025-08-01 00:00:00+00:00,24,-6.075214324053227,8.3801225997815,0.17147074662070086
ETH->ADA,2025-08-01 00:00:00+00:00,2025-10-01 00:00:00+00:00,24,-5.822901568265101,8.166221017592367,0.010892568444051983
ETH->DOGE,2021-08-01 00:00:00+00:00,2022-02-01 00:00:00+00:00,2,-2.498328369066303,7.189854718187092,0.006347989806321314
ETH->DOGE,2022-02-01 00:00:00+00:00,2022-08-01 00:00:00+00:00,1,-2.902493566073698,7.429976949818821,-0.057575233806331554
ETH->DOGE,2022-08-01 00:00:00+00:00,2023-02-01 00:00:00+00:00,1,-3.2480626924191753,8.059981937800726,-0.11892402314367173
ETH->DOGE,2023-02-01 00:00:00+00:00,2023-08-01 00:00:00+00:00,24,-3.080849784817091,6.909676065878462,0.000575821218288643
ETH->DOGE,2023-08-01 00:00:00+00:00,2024-02-01 00:00:00+00:00,24,-3.1204544160864107,6.821658264425044,0.028382006242329675
ETH->DOGE,2024-02-01 00:00:00+00:00,2024-08-01 00:00:00+00:00,1,-3.2175420905877155,7.103929176197104,-0.19390867685103177
ETH->DOGE,2024-08-01 00:00:00+00:00,2025-02-01 00:00:00+00:00,2,-3.2072591107007136,7.294170174034019,-0.05459396499614037
ETH->DOGE,2025-02-01 00:00:00+00:00,2025-08-01 00:00:00+00:00,24,-3.5794956140563494,6.61155254232264,0.17378504738929457
ETH->DOGE,2025-08-01 00:00:00+00:00,2025-10-01 00:00:00+00:00,24,-3.6223555984343614,6.5703200346574935,0.006548494427465254
ETH->AVAX,2021-10-01 00:00:00+00:00,2022-04-01 00:00:00+00:00,24,-3.629486345405744,7.681822077811473,-0.24220275822008452
ETH->AVAX,2022-04-01 00:00:00+00:00,2022-10-01 00:00:00+00:00,24,-4.036122643660111,6.8994379684061276,0.35060046219548346
ETH->AVAX,2022-10-01 00:00:00+00:00,2023-04-01 00:00:00+00:00,24,-4.873562076730717,7.375920362965594,-0.13961427810161633
ETH->AVAX,2023-04-01 00:00:00+00:00,2023-10-01 00:00:00+00:00,24,-4.840116058665406,7.637555311783478,-0.04254170707470416
ETH->AVAX,2023-10-01 00:00:00+00:00,2024-04-01 00:00:00+00:00,24,-4.917898674782622,7.266911520327692,-0.0560824095435234
ETH->AVAX,2024-04-01 00:00:00+00:00,2024-10-01 00:00:00+00:00,24,-4.888377718583322,7.269689125911976,-0.043564955959295715
ETH->AVAX,2024-10-01 00:00:00+00:00,2025-04-01 00:00:00+00:00,24,-4.8900645151969115,7.412782291064605,-0.08184073462980532
ETH->AVAX,2025-04-01 00:00:00+00:00,2025-10-01 00:00:00+00:00,24,-5.125799647828883,7.880218807239432,0.07419090189622285
ETH->DOT,2021-09-01 00:00:00+00:00,2022-03-01 00:00:00+00:00,24,-3.6986588838244785,7.706452719769568,-0.2369538033224775
ETH->DOT,2022-03-01 00:00:00+00:00,2022-09-01 00:00:00+00:00,24,-3.6998196451228123,8.059417690144054,0.22266158246154028
ETH->DOT,2022-09-01 00:00:00+00:00,2023-03-01 00:00:00+00:00,24,-4.718526880574801,8.021474484556258,-0.06696206001396801
ETH->DOT,2023-03-01 00:00:00+00:00,2023-09-01 00:00:00+00:00,24,-4.728507214379899,7.977702149398902,-0.009103360894295157
ETH->DOT,2023-09-01 00:00:00+00:00,2024-03-01 00:00:00+00:00,24,-4.785379835359978,8.276219671180211,-0.025684611927370527
ETH->DOT,2024-03-01 00:00:00+00:00,2024-09-01 00:00:00+00:00,24,-4.777988137835903,8.002451166842594,-0.07625576271347706
ETH->DOT,2024-09-01 00:00:00+00:00,2025-03-01 00:00:00+00:00,24,-4.721681803226839,9.327339622333337,0.07974783572781816
ETH->DOT,2025-03-01 00:00:00+00:00,2025-09-01 00:00:00+00:00,24,-5.271799634252268,9.454784036704346,0.060956683023706285
ETH->DOT,2025-09-01 00:00:00+00:00,2025-10-01 00:00:00+00:00,24,-5.222812694324528,8.145737506285387,0.0007315093327167179
ETH->LINK,2021-02-01 00:00:00+00:00,2021-08-01 00:00:00+00:00,2,-2.43245518111265,8.315059789490192,0.12158154760839229
ETH->LINK,2021-08-01 00:00:00+00:00,2022-02-01 00:00:00+00:00,24,-2.7445167286518193,8.127040271285244,-0.07055052603259393
ETH->LINK,2022-02-01 00:00:00+00:00,2022-08-01 00:00:00+00:00,2,-2.767373577031205,7.799644141803846,0.013514225346929476
ETH->LINK,2022-08-01 00:00:00+00:00,2023-02-01 00:00:00+00:00,24,-3.3664354666530416,8.288387531293184,-0.05268741143805977
ETH->LINK,2023-02-01 00:00:00+00:00,2023-08-01 00:00:00+00:00,24,-3.5335378425686423,7.4727826489389715,-0.007430041608808686
ETH->LINK,2023-08-01 00:00:00+00:00,2024-02-01 00:00:00+00:00,24,-3.5916410686702793,7.254702749042725,-0.000636591808793619
ETH->LINK,2024-02-01 00:00:00+00:00,2024-08-01 00:00:00+00:00,24,-3.5674580116655856,7.664628083827984,-0.04363924970398996
ETH->LINK,2024-08-01 00:00:00+00:00,2025-02-01 00:00:00+00:00,2,-3.5555039467985603,8.191859420280199,-0.0670342600775163
ETH->LINK,2025-02-01 00:00:00+00:00,2025-08-01 00:00:00+00:00,24,-3.921986731265269,7.7934252183547,0.09602585421814899
ETH->LINK,2025-08-01 00:00:00+00:00,2025-10-01 00:00:00+00:00,24,-3.9646169577235932,7.400894207270923,-0.004616025552529716
ETH->LTC,2021-02-01 00:00:00+00:00,2021-08-01 00:00:00+00:00,1,-3.7588808397113764,8.078334830102758,-0.9009386049865011
ETH->LTC,2021-08-01 00:00:00+00:00,2022-02-01 00:00:00+00:00,24,-4.948134808293589,7.586246294826562,-0.32263701885232643
ETH->LTC,2022-02-01 00:00:00+00:00,2022-08-01 00:00:00+00:00,24,-4.556251465620545,7.831019876639431,-0.026021991144937865
ETH->LTC,2022-08-01 00:00:00+00:00,2023-02-01 00:00:00+00:00,24,-5.311057479459245,8.219999670564892,-0.005960329860902391
ETH->LTC,2023-02-01 00:00:00+00:00,2023-08-01 00:00:00+00:00,24,-5.359839845818784,7.00045601411343,-0.011145847671040548
ETH->LTC,2023-08-01 00:00:00+00:00,2024-02-01 00:00:00+00:00,24,-5.410522297846395,6.611901262066374,-0.012319720961620218
ETH->LTC,2024-02-01 00:00:00+00:00,2024-08-01 00:00:00+00:00,24,-5.478408108817641,7.42477366288535,-0.05821405853310732
ETH->LTC,2024-08-01 00:00:00+00:00,2025-02-01 00:00:00+00:00,24,-5.267000346713711,7.901900333635988,0.048948591200134214
ETH->LTC,2025-02-01 00:00:00+00:00,2025-08-01 00:00:00+00:00,24,-5.805879011692405,7.577535563626657,0.05291167317698238
ETH->LTC,2025-08-01 00:00:00+00:00,2025-10-01 00:00:00+00:00,24,-5.772432540560732,7.221674081218999,0.006303909499284402
ETH->BCH,2021-01-01 00:00:00+00:00,2021-07-01 00:00:00+00:00,24,-3.550224391176316,8.340333493098635,0.20307807105864137
ETH->BCH,2021-07-01 00:00:00+00:00,2022-01-01 00:00:00+00:00,24,-4.50117440491537,7.885731594311752,-0.07927822194288325
ETH->BCH,2022-01-01 00:00:00+00:00,2022-07-01 00:00:00+00:00,24,-4.585322726998329,8.020764562313387,0.010163737497677877
ETH->BCH,2022-07-01 00:00:00+00:00,2023-01-01 00:00:00+00:00,24,-4.631496018714025,9.165302387353309,-0.06491858602209223
ETH->BCH,2023-01-01 00:00:00+00:00,2023-07-01 00:00:00+00:00,24,-4.993466429934289,7.50814831719034,0.007825563012068127
ETH->BCH,2023-07-01 00:00:00+00:00,2024-01-01 00:00:00+00:00,24,-5.0305755878016845,7.286024753106377,0.010494052804413082
ETH->BCH,2024-01-01 00:00:00+00:00,2024-07-01 00:00:00+00:00,24,-5.13954057445287,7.441373124701936,-0.025411366088379562
ETH->BCH,2024-07-01 00:00:00+00:00,2025-01-01 00:00:00+00:00,24,-4.956795873797279,7.516935985422876,0.04383235887247523
ETH->BCH,2025-01-01 00:00:00+00:00,2025-07-01 00:00:00+00:00,24,-5.465696012258668,7.864310817767841,0.0885023738964732
ETH->BCH,2025-07-01 00:00:00+00:00,2025-10-01 00:00:00+00:00,24,-5.715676412472317,7.106252779504242,0.0009272206138551155
ETH->TRX,2021-02-01 00:00:00+00:00,2021-08-01 00:00:00+00:00,1,-2.3302846048666894,11.182220915992579,-0.7665808643625711
ETH->TRX,2021-08-01 00:00:00+00:00,2022-02-01 00:00:00+00:00,24,-3.3952780821196358,8.631075565173969,-0.035929364187640866
ETH->TRX,2022-02-01 00:00:00+00:00,2022-08-01 00:00:00+00:00,24,-3.5040095641540323,8.684811632724088,0.04949611658293455
ETH->TRX,2022-08-01 00:00:00+00:00,2023-02-01 00:00:00+00:00,24,-4.170037568608612,7.623709923237593,-0.0802583858575275
ETH->TRX,2023-02-01 00:00:00+00:00,2023-08-01 00:00:00+00:00,24,-4.139001935759861,7.669789973347639,-0.0006265808058727625
ETH->TRX,2023-08-01 00:00:00+00:00,2024-02-01 00:00:00+00:00,24,-4.152692488836299,7.494494025281988,0.002834682345491603
ETH->TRX,2024-02-01 00:00:00+00:00,2024-08-01 00:00:00+00:00,24,-4.212872531827651,7.425707977572806,-0.0068277281061787775
ETH->TRX,2024-08-01 00:00:00+00:00,2025-02-01 00:00:00+00:00,24,-4.22732254402997,7.09337719046142,-0.01031234667202982
ETH->TRX,2025-02-01 00:00:00+00:00,2025-08-01 00:00:00+00:00,24,-4.523614075974492,7.296448877974858,0.0008587552374955225
ETH->TRX,2025-08-01 00:00:00+00:00,2025-10-01 00:00:00+00:00,24,-4.765146974367167,6.7291928801335015,-0.009230668351057986
ETH->EOS,2021-02-01 00:00:00+00:00,2021-08-01 00:00:00+00:00,24,-3.0415966714177554,17.117872080702085,0.09162861190029575
ETH->EOS,2021-08-01 00:00:00+00:00,2022-02-01 00:00:00+00:00,24,-4.156243469381864,15.513247480879233,0.009354642803958105
ETH->EOS,2022-02-01 00:00:00+00:00,2022-08-01 00:00:00+00:00,24,-3.994797936979691,16.08818428448081,0.008429177604146902
ETH->EOS,2022-08-01 00:00:00+00:00,2023-02-01 00:00:00+00:00,24,-4.796199374107609,16.63407752879133,-0.0234842729307385
ETH->EOS,2023-02-01 00:00:00+00:00,2023-08-01 00:00:00+00:00,24,-5.086179866884493,15.531450541939638,0.0
ETH->EOS,2023-08-01 00:00:00+00:00,2024-02-01 00:00:00+00:00,24,-5.078620361170728,15.590018733645026,0.0
ETH->EOS,2024-02-01 00:00:00+00:00,2024-08-01 00:00:00+00:00,24,-5.105628227514714,16.202531100654458,0.002503334959121138
ETH->EOS,2024-08-01 00:00:00+00:00,2025-02-01 00:00:00+00:00,24,-4.85523357054373,16.660228554123606,-0.009860904593288294
ETH->EOS,2025-02-01 00:00:00+00:00,2025-08-01 00:00:00+00:00,24,-5.362379936665992,17.154165232598935,-0.01547347526843905
ETH->EOS,2025-08-01 00:00:00+00:00,2025-10-01 00:00:00+00:00,24,-5.635372074924581,16.555677962810588,0.0
BTC:perp->spot,2021-01-01 00:00:00+00:00,2021-07-01 00:00:00+00:00,1,-2.868819774568235,13.867973250050845,0.014786714762091854
BTC:perp->spot,2021-07-01 00:00:00+00:00,2022-01-01 00:00:00+00:00,24,-3.222913940947707,13.868870652644777,-0.01350747267784505
BTC:perp->spot,2022-01-01 00:00:00+00:00,2022-07-01 00:00:00+00:00,24,-3.354924959807432,13.81044993771967,-0.0015925419062755883
BTC:perp->spot,2022-07-01 00:00:00+00:00,2023-01-01 00:00:00+00:00,24,-3.4396655835216423,13.992747584842299,0.0
BTC:perp->spot,2023-01-01 00:00:00+00:00,2023-07-01 00:00:00+00:00,24,-3.734233669193534,13.443177950855771,0.0
BTC:perp->spot,2023-07-01 00:00:00+00:00,2024-01-01 00:00:00+00:00,24,-3.8162592364224412,13.703403266155386,0.0
BTC:perp->spot,2024-01-01 00:00:00+00:00,2024-07-01 00:00:00+00:00,24,-3.9612154475302215,13.639257247929695,0.0
BTC:perp->spot,2024-07-01 00:00:00+00:00,2025-01-01 00:00:00+00:00,24,-3.9882665945257205,13.606305617175483,0.0
BTC:perp->spot,2025-01-01 00:00:00+00:00,2025-07-01 00:00:00+00:00,24,-4.251718466813309,13.62605566807658,0.0
BTC:perp->spot,2025-07-01 00:00:00+00:00,2025-10-01 00:00:00+00:00,24,-4.2017447205655305,13.578184768337199,0.0
BTC:spot->perp,2021-01-01 00:00:00+00:00,2021-07-01 00:00:00+00:00,1,-2.095884905416655,5.320581281103584,-0.27701174088454805
BTC:spot->perp,2021-07-01 00:00:00+00:00,2022-01-01 00:00:00+00:00,24,-3.3331881640648295,5.2288428084932494,0.006426458139955408
BTC:spot->perp,2022-01-01 00:00:00+00:00,2022-07-01 00:00:00+00:00,24,-3.450841849412345,5.224893916356958,-0.11001528079801265
BTC:spot->perp,2022-07-01 00:00:00+00:00,2023-01-01 00:00:00+00:00,24,-3.5010294009210186,5.2878275871977145,0.006865958473539054
BTC:spot->perp,2023-01-01 00:00:00+00:00,2023-07-01 00:00:00+00:00,24,-3.797136925389137,5.153293562581094,0.02920168811474056
BTC:spot->perp,2023-07-01 00:00:00+00:00,2024-01-01 00:00:00+00:00,24,-3.8843460371550185,5.155415984171861,0.008206327584395314
BTC:spot->perp,2024-01-01 00:00:00+00:00,2024-07-01 00:00:00+00:00,24,-4.027519045134008,5.152858195128907,-0.0451733989767076
BTC:spot->perp,2024-07-01 00:00:00+00:00,2025-01-01 00:00:00+00:00,24,-4.045537971786379,5.138055062250714,-0.00906368857977434
BTC:spot->perp,2025-01-01 00:00:00+00:00,2025-07-01 00:00:00+00:00,24,-4.307213034687121,5.156998485344622,0.04104428606357975
BTC:spot->perp,2025-07-01 00:00:00+00:00,2025-10-01 00:00:00+00:00,24,-4.242624962550187,5.114389630276837,0.0
ETH:perp->spot,2021-01-01 00:00:00+00:00,2021-07-01 00:00:00+00:00,1,-3.808477033901452,13.356190613558757,-0.34222111242347386
ETH:perp->spot,2021-07-01 00:00:00+00:00,2022-01-01 00:00:00+00:00,24,-4.655086264833905,13.04195494128454,0.022356774227889564
ETH:perp->spot,2022-01-01 00:00:00+00:00,2022-07-01 00:00:00+00:00,24,-4.469410111147773,12.806765531049336,-0.004037826319064644
ETH:perp->spot,2022-07-01 00:00:00+00:00,2023-01-01 00:00:00+00:00,24,-4.499489061020243,13.274546795436553,-0.011059877557580821
ETH:perp->spot,2023-01-01 00:00:00+00:00,2023-07-01 00:00:00+00:00,24,-5.115414624112623,12.835516946348902,0.0064848220032387785
ETH:perp->spot,2023-07-01 00:00:00+00:00,2024-01-01 00:00:00+00:00,24,-5.198937961713231,12.79210650175144,0.0006334872183181746
ETH:perp->spot,2024-01-01 00:00:00+00:00,2024-07-01 00:00:00+00:00,24,-5.2878350379749435,12.761485838015481,-0.00240577232392173
ETH:perp->spot,2024-07-01 00:00:00+00:00,2025-01-01 00:00:00+00:00,24,-5.295485842409075,12.649570157091645,0.03679666015122707
ETH:perp->spot,2025-01-01 00:00:00+00:00,2025-07-01 00:00:00+00:00,24,-5.589312659401927,12.736171804590937,-0.011546641120287112
ETH:perp->spot,2025-07-01 00:00:00+00:00,2025-10-01 00:00:00+00:00,24,-5.739685339648955,12.779191795445938,-0.0042731477093459
ETH:spot->perp,2021-01-01 00:00:00+00:00,2021-07-01 00:00:00+00:00,24,-3.6466506809869257,5.69669160481277,0.4504226901411382
ETH:spot->perp,2021-07-01 00:00:00+00:00,2022-01-01 00:00:00+00:00,24,-4.458169130999319,5.4652343052513475,-0.17866776150959343
ETH:spot->perp,2022-01-01 00:00:00+00:00,2022-07-01 00:00:00+00:00,24,-4.289652500282511,5.36884444992651,0.008274383397709265
ETH:spot->perp,2022-07-01 00:00:00+00:00,2023-01-01 00:00:00+00:00,24,-4.334491876531653,5.5715626294349985,0.010145373771698097
ETH:spot->perp,2023-01-01 00:00:00+00:00,2023-07-01 00:00:00+00:00,24,-4.959526203826589,5.237970533299544,-0.05754712400550331
ETH:spot->perp,2023-07-01 00:00:00+00:00,2024-01-01 00:00:00+00:00,24,-5.05796849137222,5.254066789659994,0.011497470801264873
ETH:spot->perp,2024-01-01 00:00:00+00:00,2024-07-01 00:00:00+00:00,24,-5.140494060017566,5.260270940327153,-0.06974992744920669
ETH:spot->perp,2024-07-01 00:00:00+00:00,2025-01-01 00:00:00+00:00,24,-5.146127453740618,5.217569859104227,-0.03920910242795611
ETH:spot->perp,2025-01-01 00:00:00+00:00,2025-07-01 00:00:00+00:00,24,-5.437870356247585,5.264550226496055,0.11120775564094859
ETH:spot->perp,2025-07-01 00:00:00+00:00,2025-10-01 00:00:00+00:00,24,-5.590853316968859,5.226124356950948,0.01831893704483991
BNB:perp->spot,2021-01-01 00:00:00+00:00,2021-07-01 00:00:00+00:00,1,-4.04674692537703,19.83159378479079,-0.2880447551974091
BNB:perp->spot,2021-07-01 00:00:00+00:00,2022-01-01 00:00:00+00:00,24,-4.261839405589526,18.18864576556213,0.004012790267519453
BNB:perp->spot,2022-01-01 00:00:00+00:00,2022-07-01 00:00:00+00:00,24,-4.370893122614188,17.715108659587962,0.02854703205414385
BNB:perp->spot,2022-07-01 00:00:00+00:00,2023-01-01 00:00:00+00:00,24,-4.737576167721298,19.164009460056516,-0.047618910057308596
BNB:perp->spot,2023-01-01 00:00:00+00:00,2023-07-01 00:00:00+00:00,24,-4.943527835981772,18.563761829562615,-0.00299564943091614
BNB:perp->spot,2023-07-01 00:00:00+00:00,2024-01-01 00:00:00+00:00,24,-5.030160166825288,18.5477851993496,0.004055796907926507
BNB:perp->spot,2024-01-01 00:00:00+00:00,2024-07-01 00:00:00+00:00,24,-5.069654695847551,17.9744295818785,-0.007913884826013205
BNB:perp->spot,2024-07-01 00:00:00+00:00,2025-01-01 00:00:00+00:00,24,-5.00900962577397,17.885822652076705,0.0
BNB:perp->spot,2025-01-01 00:00:00+00:00,2025-07-01 00:00:00+00:00,24,-5.286772535553501,17.978077656843197,-0.007819469426472242
BNB:perp->spot,2025-07-01 00:00:00+00:00,2025-10-01 00:00:00+00:00,24,-5.394543715669538,17.754663480789986,0.0
BNB:spot->perp,2021-03-01 00:00:00+00:00,2021-09-01 00:00:00+00:00,1,-3.1265511677209195,7.267476571707583,-1.085092175780276
BNB:spot->perp,2021-09-01 00:00:00+00:00,2022-03-01 00:00:00+00:00,24,-4.191687228628708,6.092235273086902,-0.109286258857451
BNB:spot->perp,2022-03-01 00:00:00+00:00,2022-09-01 00:00:00+00:00,24,-4.25267109330555,6.430550753974355,-0.1002045566119324
BNB:spot->perp,2022-09-01 00:00:00+00:00,2023-03-01 00:00:00+00:00,24,-4.76171132427973,6.129355854717539,0.016616727161442142
BNB:spot->perp,2023-03-01 00:00:00+00:00,2023-09-01 00:00:00+00:00,24,-4.826927783372085,6.005124995214065,0.00552186482178416
BNB:spot->perp,2023-09-01 00:00:00+00:00,2024-03-01 00:00:00+00:00,24,-4.921588318561221,6.234106200785035,-0.03972365136675294
BNB:spot->perp,2024-03-01 00:00:00+00:00,2024-09-01 00:00:00+00:00,24,-4.893387469724526,6.083501213963118,0.01923432622017358
BNB:spot->perp,2024-09-01 00:00:00+00:00,2025-03-01 00:00:00+00:00,24,-4.946032588349553,6.562785694277629,0.12311506055232616
BNB:spot->perp,2025-03-01 00:00:00+00:00,2025-09-01 00:00:00+00:00,24,-5.3041982911762755,6.286537882232885,-0.020380269579573083
BNB:spot->perp,2025-09-01 00:00:00+00:00,2025-10-01 00:00:00+00:00,24,-5.1969059364993955,5.937272373618065,0.012634475635016656
SOL:perp->spot,2021-09-01 00:00:00+00:00,2022-03-01 00:00:00+00:00,24,-1.7032398940615472,21.02290400213121,-0.004970228767389343
SOL:perp->spot,2022-03-01 00:00:00+00:00,2022-09-01 00:00:00+00:00,1,-1.9533007568522989,20.87501207707671,0.1310948419136141
SOL:perp->spot,2022-09-01 00:00:00+00:00,2023-03-01 00:00:00+00:00,24,-2.342632199470174,20.94485893535716,-0.2592146281716407
SOL:perp->spot,2023-03-01 00:00:00+00:00,2023-09-01 00:00:00+00:00,24,-2.2732104290341044,21.208494520291804,0.0
SOL:perp->spot,2023-09-01 00:00:00+00:00,2024-03-01 00:00:00+00:00,24,-2.3872468178262993,21.217155955491272,0.0
SOL:perp->spot,2024-03-01 00:00:00+00:00,2024-09-01 00:00:00+00:00,24,-2.404275278746899,19.54841583574693,0.0
SOL:perp->spot,2024-09-01 00:00:00+00:00,2025-03-01 00:00:00+00:00,24,-2.5492797132575244,19.757061294590162,0.0
SOL:perp->spot,2025-03-01 00:00:00+00:00,2025-09-01 00:00:00+00:00,24,-2.752491429045663,19.648696010632598,0.0
SOL:perp->spot,2025-09-01 00:00:00+00:00,2025-10-01 00:00:00+00:00,24,-2.6605860849120893,19.257846393805075,0.0
SOL:spot->perp,2021-10-01 00:00:00+00:00,2022-04-01 00:00:00+00:00,2,-1.827871796218553,6.336459867945445,-0.2133711827872356
SOL:spot->perp,2022-04-01 00:00:00+00:00,2022-10-01 00:00:00+00:00,24,-1.9388647698780468,6.403061860321233,0.01004372240883071
SOL:spot->perp,2022-10-01 00:00:00+00:00,2023-04-01 00:00:00+00:00,24,-2.4332526232324976,6.515097002454035,-0.2195069341028617
SOL:spot->perp,2023-04-01 00:00:00+00:00,2023-10-01 00:00:00+00:00,24,-2.2112183288504426,6.829483163533943,-0.0376675605948642
SOL:spot->perp,2023-10-01 00:00:00+00:00,2024-04-01 00:00:00+00:00,24,-2.296577161474457,6.228325948360145,0.0335427260844691
SOL:spot->perp,2024-04-01 00:00:00+00:00,2024-10-01 00:00:00+00:00,24,-2.370691827364122,5.983915693067453,-0.026716651297312724
SOL:spot->perp,2024-10-01 00:00:00+00:00,2025-04-01 00:00:00+00:00,24,-2.496252363014012,5.849869191036235,-0.021603774816713262
SOL:spot->perp,2025-04-01 00:00:00+00:00,2025-10-01 00:00:00+00:00,24,-2.6211390321315786,6.020320120013556,-0.0508588125618703
XRP:perp->spot,2021-01-01 00:00:00+00:00,2021-07-01 00:00:00+00:00,1,-2.1053303700909427,20.55518092740549,0.16233509208142544
XRP:perp->spot,2021-07-01 00:00:00+00:00,2022-01-01 00:00:00+00:00,1,-2.178088213305319,18.71813625444436,0.044632939526680813
XRP:perp->spot,2022-01-01 00:00:00+00:00,2022-07-01 00:00:00+00:00,1,-2.3663461057151793,18.776210845005238,0.21695355711176284
XRP:perp->spot,2022-07-01 00:00:00+00:00,2023-01-01 00:00:00+00:00,1,-2.7185191964028856,19.5148985560398,0.0
XRP:perp->spot,2023-01-01 00:00:00+00:00,2023-07-01 00:00:00+00:00,24,-2.601407840009145,18.4439906684129,0.0
XRP:perp->spot,2023-07-01 00:00:00+00:00,2024-01-01 00:00:00+00:00,1,-2.6381355245821747,18.730853390854893,-0.05192558175083292
XRP:perp->spot,2024-01-01 00:00:00+00:00,2024-07-01 00:00:00+00:00,24,-2.8794562982948384,18.018182245381485,-0.011183310144008474
XRP:perp->spot,2024-07-01 00:00:00+00:00,2025-01-01 00:00:00+00:00,24,-2.7328292746112037,18.18322824099459,0.0
XRP:perp->spot,2025-01-01 00:00:00+00:00,2025-07-01 00:00:00+00:00,24,-2.941686257532,18.090419621484855,-0.0171030017152547
XRP:perp->spot,2025-07-01 00:00:00+00:00,2025-10-01 00:00:00+00:00,24,-3.1762094595820645,18.009549066498018,0.0
XRP:spot->perp,2021-02-01 00:00:00+00:00,2021-08-01 00:00:00+00:00,1,-2.7536861975865032,8.523362428322939,-0.011256927917963289
XRP:spot->perp,2021-08-01 00:00:00+00:00,2022-02-01 00:00:00+00:00,1,-2.1881610123872206,7.265197554456874,0.053571651940187384
XRP:spot->perp,2022-02-01 00:00:00+00:00,2022-08-01 00:00:00+00:00,1,-2.379189382093672,7.5746525098057935,0.14398854364110855
XRP:spot->perp,2022-08-01 00:00:00+00:00,2023-02-01 00:00:00+00:00,1,-2.6349978766386846,7.600256321154222,-0.2214029212309557
XRP:spot->perp,2023-02-01 00:00:00+00:00,2023-08-01 00:00:00+00:00,24,-2.5006401758425425,6.900628958758188,0.09695722448839418
XRP:spot->perp,2023-08-01 00:00:00+00:00,2024-02-01 00:00:00+00:00,24,-2.7270563069777554,7.139798660219717,0.02134621536102352
XRP:spot->perp,2024-02-01 00:00:00+00:00,2024-08-01 00:00:00+00:00,24,-2.7426383569641875,7.103673549056609,-0.01190755546443202
XRP:spot->perp,2024-08-01 00:00:00+00:00,2025-02-01 00:00:00+00:00,24,-2.6233498444499554,7.138989386410776,0.060439866859175795
XRP:spot->perp,2025-02-01 00:00:00+00:00,2025-08-01 00:00:00+00:00,24,-2.901403304301869,6.61184573773103,0.0718124792216992
XRP:spot->perp,2025-08-01 00:00:00+00:00,2025-10-01 00:00:00+00:00,24,-3.046509793248564,6.53334097571034,-0.001306668195142068
DOGE:perp->spot,2021-01-01 00:00:00+00:00,2021-07-01 00:00:00+00:00,1,-3.193906661110909,33.37519528266998,-0.547954049769833
DOGE:perp->spot,2021-07-01 00:00:00+00:00,2022-01-01 00:00:00+00:00,24,-2.8418459164181096,18.171352397254395,-0.10464820655314275
DOGE:perp->spot,2022-01-01 00:00:00+00:00,2022-07-01 00:00:00+00:00,24,-2.95164583143919,18.992326493611586,0.029715777151988365
DOGE:perp->spot,2022-07-01 00:00:00+00:00,2023-01-01 00:00:00+00:00,24,-3.192549245534333,21.154353696924893,0.02808504345123885
DOGE:perp->spot,2023-01-01 00:00:00+00:00,2023-07-01 00:00:00+00:00,24,-3.2885534829377603,18.53847555260879,-0.03260703895968789
DOGE:perp->spot,2023-07-01 00:00:00+00:00,2024-01-01 00:00:00+00:00,24,-3.2847101944162165,20.047765037122378,0.01615226071294193
DOGE:perp->spot,2024-01-01 00:00:00+00:00,2024-07-01 00:00:00+00:00,24,-3.260529883258326,18.337206928956718,-0.15933997015818346
DOGE:perp->spot,2024-07-01 00:00:00+00:00,2025-01-01 00:00:00+00:00,24,-3.234719247168996,18.334585607066046,0.0856176204235582
DOGE:perp->spot,2025-01-01 00:00:00+00:00,2025-07-01 00:00:00+00:00,24,-3.273393689312712,17.325899167458548,-0.008002087329741163
DOGE:perp->spot,2025-07-01 00:00:00+00:00,2025-10-01 00:00:00+00:00,24,-3.256352331577835,18.2753204227737,-0.009270346298901003
DOGE:spot->perp,2021-08-01 00:00:00+00:00,2022-02-01 00:00:00+00:00,24,-2.9131528016037174,7.189854718187092,-0.13139651219991966
DOGE:spot->perp,2022-02-01 00:00:00+00:00,2022-08-01 00:00:00+00:00,24,-2.946588006239339,7.429976949818821,0.6332362353086568
DOGE:spot->perp,2022-08-01 00:00:00+00:00,2023-02-01 00:00:00+00:00,24,-3.2250215647657683,8.059981937800726,-0.03365330376243606
DOGE:spot->perp,2023-02-01 00:00:00+00:00,2023-08-01 00:00:00+00:00,24,-3.305513843439491,6.909676065878462,-0.08083784362608282
DOGE:spot->perp,2023-08-01 00:00:00+00:00,2024-02-01 00:00:00+00:00,24,-3.298786087244583,6.821658264425044,-0.15027987286777442
DOGE:spot->perp,2024-02-01 00:00:00+00:00,2024-08-01 00:00:00+00:00,24,-3.255990828020057,7.103929176197104,-0.1280190116814639
DOGE:spot->perp,2024-08-01 00:00:00+00:00,2025-02-01 00:00:00+00:00,24,-3.2207830642487716,7.294170174034019,-0.18665231522332762
DOGE:spot->perp,2025-02-01 00:00:00+00:00,2025-08-01 00:00:00+00:00,24,-3.288351654490718,6.61155254232264,-0.22427525186953928
DOGE:spot->perp,2025-08-01 00:00:00+00:00,2025-10-01 00:00:00+00:00,24,-3.243005549824303,6.5703200346574935,-0.06950230556907777
LARGE5->ZEC,2021-03-01 00:00:00+00:00,2021-09-01 00:00:00+00:00,24,-2.101154714313803,13.685473839462839,0.024648076395836292
LARGE5->ZEC,2021-09-01 00:00:00+00:00,2022-03-01 00:00:00+00:00,24,-2.703305313927641,11.89856916910331,0.003176245470010766
LARGE5->ZEC,2022-03-01 00:00:00+00:00,2022-09-01 00:00:00+00:00,24,-3.018169499559464,11.998496704142426,0.038107992478690206
LARGE5->ZEC,2022-09-01 00:00:00+00:00,2023-03-01 00:00:00+00:00,24,-3.7096177899981364,10.560449115270117,-0.005909670532464049
LARGE5->ZEC,2023-03-01 00:00:00+00:00,2023-09-01 00:00:00+00:00,24,-3.772707158127074,11.084753598753228,-0.006990389060979003
LARGE5->ZEC,2023-09-01 00:00:00+00:00,2024-03-01 00:00:00+00:00,24,-3.964947534056707,14.912008440673816,0.0
LARGE5->ZEC,2024-03-01 00:00:00+00:00,2024-09-01 00:00:00+00:00,24,-3.947645802016846,13.72445518848314,-0.006044530404380641
LARGE5->ZEC,2024-09-01 00:00:00+00:00,2025-03-01 00:00:00+00:00,24,-4.032239097605871,11.646242812081278,0.002244801722290666
LARGE5->ZEC,2025-03-01 00:00:00+00:00,2025-09-01 00:00:00+00:00,24,-4.560954390938326,21.486907965341267,0.0
LARGE5->ZEC,2025-09-01 00:00:00+00:00,2025-10-01 00:00:00+00:00,24,-4.4590449535006185,16.96020851325492,0.0
LARGE5->XTZ,2021-03-01 00:00:00+00:00,2021-09-01 00:00:00+00:00,24,-2.870323303334245,12.77982417327919,0.14966284211506797
LARGE5->XTZ,2021-09-01 00:00:00+00:00,2022-03-01 00:00:00+00:00,24,-3.4738008000023117,10.465890611518153,-0.07503187693246016
LARGE5->XTZ,2022-03-01 00:00:00+00:00,2022-09-01 00:00:00+00:00,24,-3.7256153465487105,10.359681075398859,0.15270609598951906
LARGE5->XTZ,2022-09-01 00:00:00+00:00,2023-03-01 00:00:00+00:00,24,-4.335939561368872,11.498919944118695,-0.0027410421326419018
LARGE5->XTZ,2023-03-01 00:00:00+00:00,2023-09-01 00:00:00+00:00,24,-4.558317610518527,11.385946366887248,0.02968518227040408
LARGE5->XTZ,2023-09-01 00:00:00+00:00,2024-03-01 00:00:00+00:00,24,-4.675599580359692,11.921230070028438,0.00373961012938432
LARGE5->XTZ,2024-03-01 00:00:00+00:00,2024-09-01 00:00:00+00:00,24,-4.638894940598748,12.076108897588174,-0.01843855238165446
LARGE5->XTZ,2024-09-01 00:00:00+00:00,2025-03-01 00:00:00+00:00,24,-4.677059332380338,16.994869082387204,-0.003398973816477441
LARGE5->XTZ,2025-03-01 00:00:00+00:00,2025-09-01 00:00:00+00:00,24,-5.32438885999938,15.512992824841163,-0.03042351516632461
LARGE5->XTZ,2025-09-01 00:00:00+00:00,2025-10-01 00:00:00+00:00,24,-5.302458209299023,12.813494219660619,0.0
LARGE5->IOTA,2021-03-01 00:00:00+00:00,2021-09-01 00:00:00+00:00,24,-3.208617442340203,16.87109875534032,0.10352345500016703
LARGE5->IOTA,2021-09-01 00:00:00+00:00,2022-03-01 00:00:00+00:00,24,-3.9545539721714307,12.608520270246055,0.015639533839714056
LARGE5->IOTA,2022-03-01 00:00:00+00:00,2022-09-01 00:00:00+00:00,24,-4.141863435555657,13.566097383026275,0.034503067094232565
LARGE5->IOTA,2022-09-01 00:00:00+00:00,2023-03-01 00:00:00+00:00,24,-5.112623312896955,14.515180373389938,8.148476923836674e-05
LARGE5->IOTA,2023-03-01 00:00:00+00:00,2023-09-01 00:00:00+00:00,24,-5.265282743382212,13.208743858302775,0.010283798814112618
LARGE5->IOTA,2023-09-01 00:00:00+00:00,2024-03-01 00:00:00+00:00,24,-5.529675906938624,14.21719090917387,-0.008055176363030131
LARGE5->IOTA,2024-03-01 00:00:00+00:00,2024-09-01 00:00:00+00:00,24,-5.583154987780255,12.836530686998262,-0.010129751606584678
LARGE5->IOTA,2024-09-01 00:00:00+00:00,2025-03-01 00:00:00+00:00,24,-5.563144416357868,18.593489047882304,0.004996858501461025
LARGE5->IOTA,2025-03-01 00:00:00+00:00,2025-09-01 00:00:00+00:00,24,-6.17037230872735,16.65649336710581,-0.021410895132301044
LARGE5->IOTA,2025-09-01 00:00:00+00:00,2025-10-01 00:00:00+00:00,24,-6.032444251496258,14.305530968070821,0.0
LARGE5->VET,2021-03-01 00:00:00+00:00,2021-09-01 00:00:00+00:00,24,-3.7961622516138998,14.390763235036204,0.15373760782953028
LARGE5->VET,2021-09-01 00:00:00+00:00,2022-03-01 00:00:00+00:00,24,-4.181505550415957,10.451941473539142,-0.24319709004166395
LARGE5->VET,2022-03-01 00:00:00+00:00,2022-09-01 00:00:00+00:00,24,-4.15457035612157,11.477007324147358,0.23024349187741952
LARGE5->VET,2022-09-01 00:00:00+00:00,2023-03-01 00:00:00+00:00,24,-4.905165737429038,11.440915153493417,-0.07935240226536437
LARGE5->VET,2023-03-01 00:00:00+00:00,2023-09-01 00:00:00+00:00,24,-4.961541646755507,12.468882732480873,-0.01978817460789301
LARGE5->VET,2023-09-01 00:00:00+00:00,2024-03-01 00:00:00+00:00,24,-5.08446888186619,12.464032734701684,0.00926928299709313
LARGE5->VET,2024-03-01 00:00:00+00:00,2024-09-01 00:00:00+00:00,24,-5.0637150224108725,11.224988600326167,-0.07789716973338888
LARGE5->VET,2024-09-01 00:00:00+00:00,2025-03-01 00:00:00+00:00,24,-5.1146399709171515,16.385177077182835,0.012019186057909515
LARGE5->VET,2025-03-01 00:00:00+00:00,2025-09-01 00:00:00+00:00,24,-5.60205776185036,14.660378785930689,-0.018119293491303114
LARGE5->VET,2025-09-01 00:00:00+00:00,2025-10-01 00:00:00+00:00,24,-5.501998097895214,12.081609066242773,0.0
LARGE5->THETA,2021-06-01 00:00:00+00:00,2021-12-01 00:00:00+00:00,24,-3.187004824042273,13.218837062046177,0.02025475714559488
LARGE5->THETA,2021-12-01 00:00:00+00:00,2022-06-01 00:00:00+00:00,24,-3.462220947825807,10.19596028930225,0.22423746032949163
LARGE5->THETA,2022-06-01 00:00:00+00:00,2022-12-01 00:00:00+00:00,24,-4.377626413079816,14.192082879725273,0.03769731751242589
LARGE5->THETA,2022-12-01 00:00:00+00:00,2023-06-01 00:00:00+00:00,24,-4.898944667197036,12.041073958508907,-0.051580479681123156
LARGE5->THETA,2023-06-01 00:00:00+00:00,2023-12-01 00:00:00+00:00,24,-4.993531094198786,10.534513659090587,0.017692795603632242
LARGE5->THETA,2023-12-01 00:00:00+00:00,2024-06-01 00:00:00+00:00,24,-5.222162923264928,12.237127164393701,-0.010934226974813228
LARGE5->THETA,2024-06-01 00:00:00+00:00,2024-12-01 00:00:00+00:00,24,-5.053964003848193,11.420685555991657,0.011259307329620912
LARGE5->THETA,2024-12-01 00:00:00+00:00,2025-06-01 00:00:00+00:00,24,-5.4863300019297085,12.392074462108372,0.06276676246687986
LARGE5->THETA,2025-06-01 00:00:00+00:00,2025-10-01 00:00:00+00:00,24,-5.722208352130726,14.789361124729137,-0.0025967962145235376
LARGE5->ALGO,2021-07-01 00:00:00+00:00,2022-01-01 00:00:00+00:00,24,-4.4004959508259,14.537859029337001,0.11740198014612477
LARGE5->ALGO,2022-01-01 00:00:00+00:00,2022-07-01 00:00:00+00:00,24,-5.271581543630375,10.151539620709455,-0.015599905420996846
LARGE5->ALGO,2022-07-01 00:00:00+00:00,2023-01-01 00:00:00+00:00,24,-5.834965006438818,12.384524424941763,-0.12551948215065084
LARGE5->ALGO,2023-01-01 00:00:00+00:00,2023-07-01 00:00:00+00:00,24,-5.9599252370604745,10.752220697197618,-0.04315378464915909
LARGE5->ALGO,2023-07-01 00:00:00+00:00,2024-01-01 00:00:00+00:00,24,-5.970100320471424,12.754901367070836,0.027097951002050313
LARGE5->ALGO,2024-01-01 00:00:00+00:00,2024-07-01 00:00:00+00:00,24,-6.270628420048357,11.186400570846237,-0.025783440620718155
LARGE5->ALGO,2024-07-01 00:00:00+00:00,2025-01-01 00:00:00+00:00,24,-5.835903248060659,12.533943188399817,0.03004772051409721
LARGE5->ALGO,2025-01-01 00:00:00+00:00,2025-07-01 00:00:00+00:00,24,-6.403404590472941,10.891204816568226,0.07209368765165199
LARGE5->ALGO,2025-07-01 00:00:00+00:00,2025-10-01 00:00:00+00:00,24,-6.5566237576190085,12.182297835269019,-0.002051028843453826
