ts,symbol,market,side,qty_notional,price,fee,spread,impact,sleeve,stale_bar,frozen_bar,after_last_real_bar,price_mismatch,last_real_close
2022-11-30 01:00:00+00:00,FTT,perp,sell,-1764.8390629578878,1.59,0.8824195314789439,0.35296781259157756,0.5061779016794038,trend,False,True,False,False,
2022-12-01 01:00:00+00:00,FTT,perp,buy,1279.0462571892883,1.59,0.6395231285946442,0.25580925143785765,0.3125058529736654,trend,False,True,False,False,
2022-12-02 01:00:00+00:00,FTT,perp,sell,-640.0765532604687,1.59,0.3200382766302344,0.12801531065209373,0.11066960766223036,trend,False,True,False,False,
2022-12-04 01:00:00+00:00,FTT,perp,buy,1197.5288048402176,1.59,0.5987644024201089,0.23950576096804355,0.2836015297097795,trend,False,True,False,False,
2022-12-05 01:00:00+00:00,FTT,perp,sell,-511.0222247033299,1.59,0.25551111235166496,0.102204444940666,0.07908560548623668,trend,False,True,False,False,
2022-12-08 01:00:00+00:00,FTT,perp,buy,263.6238680618827,1.59,0.13181193403094135,0.05272477361237655,0.030612901315457783,trend,False,True,False,False,
2022-12-09 01:00:00+00:00,FTT,perp,sell,-942.8267474656583,1.59,0.47141337373282916,0.18856534949313167,0.22208319703844573,trend,False,True,False,False,
2022-12-10 01:00:00+00:00,FTT,perp,sell,-434.026663411365,1.59,0.21701333170568252,0.086805332682273,0.0712514407896966,trend,False,True,False,False,
2022-12-11 01:00:00+00:00,FTT,perp,sell,-1988.9511850676226,1.59,0.9944755925338113,0.39779023701352456,0.7032149272764393,trend,False,True,False,False,
2022-12-12 01:00:00+00:00,FTT,perp,sell,-532.8730393646301,1.59,0.2664365196823151,0.10657460787292602,0.09434312929808937,trend,False,True,False,False,
2022-12-13 01:00:00+00:00,FTT,perp,buy,928.0237321964282,1.59,0.4640118660982141,0.18560474643928565,0.25292887526375996,trend,False,True,False,False,
2022-12-14 01:00:00+00:00,FTT,perp,sell,-5728.221735127926,1.59,2.864110867563963,1.1456443470255853,6.098041821622113,trend,False,True,False,False,
2022-12-15 01:00:00+00:00,FTT,perp,buy,9532.173102847975,1.59,4.766086551423988,1.9064346205695952,333.6260585996791,trend,False,True,False,False,
