ts,symbol,market,side,qty_notional,price,fee,spread,impact,sleeve,perp_frozen_at_fill
2022-08-14 01:00:00+00:00,FTT,perp,buy,2066.505984466104,31.437,1.0332529922330518,0.4133011968932207,0.592351232238761,trend,False
2022-08-17 01:00:00+00:00,FTT,perp,buy,113.03312498418497,30.906,0.0565165624920924,0.0226066249968369,0.0073696650174943,trend,False
2022-08-18 01:00:00+00:00,FTT,perp,buy,3138.6249910470005,30.203,1.5693124955235005,0.6277249982094001,1.0613941843610246,trend,False
2022-08-19 01:00:00+00:00,FTT,perp,sell,-9732.69618944414,29.212,4.866348094722071,1.946539237888828,5.808109739119797,trend,False
2022-08-20 01:00:00+00:00,FTT,perp,sell,-545.3422751322232,26.687,0.2726711375661116,0.1090684550264446,0.0771818185725486,trend,False
2022-08-22 01:00:00+00:00,FTT,perp,buy,2232.210145073136,27.603,1.1161050725365678,0.4464420290146271,0.6328180687982585,trend,False
2022-08-23 01:00:00+00:00,FTT,perp,sell,-958.0992391902732,27.572,0.4790496195951366,0.1916198478380546,0.1774156705851686,trend,False
2022-08-24 01:00:00+00:00,FTT,perp,buy,1603.9980809737194,27.582,0.8019990404868598,0.3207996161947439,0.3822711690037978,trend,False
2022-08-25 01:00:00+00:00,FTT,perp,sell,-3572.956026026648,27.703,1.7864780130133238,0.7145912052053296,1.2732709892345375,trend,False
2022-08-26 01:00:00+00:00,FTT,perp,buy,4158.59898690233,27.73,2.079299493451165,0.831719797380466,1.581405372229829,trend,False
2022-08-27 01:00:00+00:00,FTT,perp,sell,-2124.8081713295505,26.042,1.0624040856647752,0.4249616342659101,0.5783701111416966,trend,False
2022-08-28 01:00:00+00:00,FTT,perp,buy,2114.090167357507,25.744,1.0570450836787535,0.4228180334715015,0.5596831734546338,trend,False
2022-08-29 01:00:00+00:00,FTT,perp,sell,-173.94392860330254,25.428,0.0869719643016512,0.0347887857206605,0.0132043678601912,trend,False
2022-08-30 01:00:00+00:00,FTT,perp,sell,-134.13170825712746,27.25,0.0670658541285637,0.0268263416514254,0.0088666815512111,trend,False
2022-08-31 01:00:00+00:00,FTT,perp,sell,-608.8690634315965,26.9,0.3044345317157982,0.1217738126863193,0.0867471605066878,trend,False
2022-09-01 01:00:00+00:00,FTT,perp,buy,408.8100056502119,26.659,0.2044050028251059,0.0817620011300423,0.0477158054551591,trend,False
2022-09-02 01:00:00+00:00,FTT,perp,sell,-261.0963340361427,26.816,0.1305481670180713,0.0522192668072285,0.0239481170121912,trend,False
2022-09-03 01:00:00+00:00,FTT,perp,buy,361.8872699818596,26.34,0.1809436349909298,0.0723774539963719,0.0389723832674696,trend,False
2022-09-04 01:00:00+00:00,FTT,perp,sell,-205.68888485033904,26.137,0.1028444424251695,0.0411377769700678,0.0166186574398488,trend,False
2022-09-05 01:00:00+00:00,FTT,perp,buy,303.24588738828584,26.264,0.1516229436941429,0.0606491774776571,0.0296202068791732,trend,False
2022-09-06 01:00:00+00:00,FTT,perp,sell,-2929.199818767561,26.996,1.4645999093837805,0.5858399637535122,0.8933915363943373,trend,False
2022-09-07 01:00:00+00:00,FTT,perp,buy,555.1577448038347,25.637,0.2775788724019173,0.1110315489607669,0.0751528472358304,trend,False
2022-09-08 01:00:00+00:00,FTT,perp,sell,-643.0560078057474,25.964,0.3215280039028737,0.1286112015611495,0.0932230980153362,trend,False
2022-09-09 01:00:00+00:00,FTT,perp,sell,-2684.5715151012446,26.139,1.3422857575506224,0.5369143030202489,0.7998691053395287,trend,False
2022-09-10 01:00:00+00:00,FTT,perp,buy,10738.675126454296,27.192,5.369337563227147,2.147735025290859,6.270708871944606,trend,False
2022-09-11 01:00:00+00:00,FTT,perp,buy,828.0275278319514,27.615,0.4140137639159757,0.1656055055663902,0.133213566601646,trend,False
2022-09-12 01:00:00+00:00,FTT,perp,sell,-14753.958569744556,27.558,7.376979284872277,2.9507917139489117,10.033345184616952,trend,False
2022-09-13 01:00:00+00:00,FTT,perp,buy,19633.03990475173,28.079,9.816519952375868,3.9266079809503474,15.459724535790189,trend,False
2022-09-14 01:00:00+00:00,FTT,perp,sell,-13246.373774414904,25.902,6.623186887207452,2.6492747548829807,8.756074855925249,trend,False
2022-09-15 01:00:00+00:00,FTT,perp,buy,223.24671091692653,25.364,0.1116233554584632,0.0446493421833853,0.0187808340754957,trend,False
2022-09-16 01:00:00+00:00,FTT,perp,sell,-3513.420536325704,24.25,1.756710268162852,0.7026841072651409,1.1819810882285902,trend,False
2022-09-17 01:00:00+00:00,FTT,perp,buy,2964.800923176358,24.318,1.4824004615881792,0.5929601846352717,0.9146818786436977,trend,False
2022-09-18 01:00:00+00:00,FTT,perp,sell,-10545.470064629197,24.443,5.272735032314598,2.1090940129258398,6.165170950756692,trend,False
2022-09-19 01:00:00+00:00,FTT,perp,buy,11355.877591104436,23.527,5.677938795552218,2.2711755182208875,6.789699088979158,trend,False
2022-09-20 01:00:00+00:00,FTT,perp,buy,230.7218061276517,24.098,0.1153609030638258,0.0461443612255303,0.0199422141374343,trend,False
2022-09-21 01:00:00+00:00,FTT,perp,sell,-718.5103727269775,23.445,0.3592551863634887,0.1437020745453955,0.1099060938557991,trend,False
2022-09-22 01:00:00+00:00,FTT,perp,buy,1133.5002239653932,22.677,0.5667501119826966,0.2267000447930786,0.2198357107918322,trend,False
2022-09-23 01:00:00+00:00,FTT,perp,sell,-573.2154845587147,23.578,0.2866077422793573,0.1146430969117429,0.0791669939398805,trend,False
2022-09-24 01:00:00+00:00,FTT,perp,sell,-2184.490303895323,23.758,1.0922451519476617,0.4368980607790646,0.592536267797882,trend,False
2022-09-25 01:00:00+00:00,FTT,perp,buy,1335.6798256705715,23.703,0.6678399128352858,0.2671359651341143,0.2838778855371116,trend,False
2022-09-26 01:00:00+00:00,FTT,perp,buy,893.7461561960404,23.405,0.4468730780980202,0.178749231239208,0.1527379707303935,trend,False
2022-09-27 01:00:00+00:00,FTT,perp,sell,-948.7537180756684,24.339,0.4743768590378343,0.1897507436151337,0.1676582127394205,trend,False
2022-09-28 01:00:00+00:00,FTT,perp,buy,1115.1066622873643,23.669,0.5575533311436823,0.2230213324574729,0.215316363509956,trend,False
2022-09-29 01:00:00+00:00,FTT,perp,buy,282.1201522344436,24.064,0.1410600761172218,0.0564240304468887,0.0277432913883963,trend,False
2022-10-02 01:00:00+00:00,FTT,perp,sell,-216.55950875139888,24.24,0.1082797543756994,0.0433119017502797,0.0183980090664737,trend,False
2022-10-03 01:00:00+00:00,FTT,perp,buy,612.4673920226091,24.104,0.3062336960113045,0.1224934784045218,0.0872578876006964,trend,False
2022-10-04 01:00:00+00:00,FTT,perp,sell,-802.0039745731447,24.658,0.4010019872865723,0.1604007949146289,0.1297583045677127,trend,False
2022-10-05 01:00:00+00:00,FTT,perp,sell,-1283.9383282017625,24.937,0.6419691641008812,0.2567876656403525,0.2623914218765678,trend,False
2022-10-06 01:00:00+00:00,FTT,perp,buy,3248.765595068356,24.909,1.6243827975341778,0.6497531190136712,1.0563185652946878,trend,False
2022-10-07 01:00:00+00:00,FTT,perp,buy,334.81646626920565,24.531,0.1674082331346028,0.0669632932538411,0.0342819603082216,trend,False
2022-10-08 01:00:00+00:00,FTT,perp,buy,301.7757419782745,24.515,0.1508878709891372,0.0603551483956549,0.028386590551901,trend,False
2022-10-09 01:00:00+00:00,FTT,perp,sell,-199.85126857976684,24.06,0.0999256342898834,0.0399702537159533,0.0153029923368865,trend,False
2022-10-10 01:00:00+00:00,FTT,perp,sell,-1273.342426917463,24.211,0.6366712134587315,0.2546684853834926,0.2434354783078743,trend,False
2022-10-11 01:00:00+00:00,FTT,perp,sell,-2831.989738562655,23.366,1.4159948692813276,0.566397947712531,0.7977820440706287,trend,False
2022-10-12 01:00:00+00:00,FTT,perp,sell,-4250.895295937396,23.322,2.125447647968698,0.8501790591874794,1.4570488651419495,trend,False
2022-10-13 01:00:00+00:00,FTT,perp,buy,3267.785623936107,23.357,1.6338928119680536,0.6535571247872215,0.975962876185992,trend,False
2022-10-14 01:00:00+00:00,FTT,perp,buy,1909.8593568984695,23.449,0.9549296784492348,0.3819718713796939,0.4262798394789466,trend,False
2022-10-15 01:00:00+00:00,FTT,perp,buy,2190.8532528764117,23.478,1.0954266264382058,0.4381706505752822,0.5297851711723414,trend,False
2022-10-16 01:00:00+00:00,FTT,perp,sell,-3244.51532312413,23.373,1.6222576615620654,0.6489030646248262,0.9461466840295276,trend,False
2022-10-17 01:00:00+00:00,FTT,perp,buy,3228.0902189801186,23.639,1.6140451094900594,0.6456180437960237,0.9375655500875986,trend,False
2022-10-18 01:00:00+00:00,FTT,perp,sell,-177.07517870371703,24.142,0.0885375893518585,0.0354150357407434,0.0115926747824422,trend,False
2022-10-19 01:00:00+00:00,FTT,perp,sell,-2517.446186854912,23.45,1.258723093427456,0.5034892373709824,0.613034999533064,trend,False
2022-10-20 01:00:00+00:00,FTT,perp,buy,473.9700209132925,22.394,0.2369850104566462,0.0947940041826585,0.048141024095374,trend,False
2022-10-22 01:00:00+00:00,FTT,perp,sell,-332.1741586031403,22.43,0.1660870793015701,0.066434831720628,0.0269289455105285,trend,False
2022-10-23 01:00:00+00:00,FTT,perp,sell,-1469.0254693905365,22.571,0.7345127346952681,0.2938050938781072,0.2449716566936327,trend,False
2022-10-24 01:00:00+00:00,FTT,perp,buy,530.4402957508664,23.072,0.2652201478754332,0.1060880591501732,0.0520772565029271,trend,False
2022-10-25 01:00:00+00:00,FTT,perp,buy,706.9837368347316,22.759,0.3534918684173658,0.1413967473669463,0.0795095420092394,trend,False
2022-10-26 01:00:00+00:00,FTT,perp,sell,-5816.201643108593,23.935,2.9081008215542967,1.1632403286217188,1.885182350453866,trend,False
2022-10-27 01:00:00+00:00,FTT,perp,buy,6185.025003541039,24.634,3.0925125017705195,1.2370050007082078,2.04021230745799,trend,False
2022-10-28 01:00:00+00:00,FTT,perp,sell,-11740.73190996265,24.307,5.870365954981325,2.34814638199253,5.174368948923478,trend,False
2022-10-29 01:00:00+00:00,FTT,perp,buy,10009.913054043993,24.783,5.004956527021996,2.001982610808798,3.995132234283372,trend,False
2022-10-30 01:00:00+00:00,FTT,perp,buy,10830.737701963952,25.283,5.415368850981976,2.1661475403927906,4.461994697213984,trend,False
2022-10-31 01:00:00+00:00,FTT,perp,sell,-822.1550077524525,25.484,0.4110775038762262,0.1644310015504905,0.0920549603633664,trend,False
2022-11-01 01:00:00+00:00,FTT,perp,buy,242.5875744083401,26.023,0.12129378720417,0.048517514881668,0.0148545343493046,trend,False
2022-11-02 01:00:00+00:00,FTT,perp,sell,-6460.958139317923,25.924,3.2304790696589616,1.2921916278635848,2.049824030135769,trend,False
2022-11-03 01:00:00+00:00,FTT,perp,sell,-1339.7512573882873,25.077,0.6698756286941436,0.2679502514776575,0.1947778410731558,trend,False
2022-11-04 01:00:00+00:00,FTT,perp,sell,-1385.0035610754503,24.461,0.6925017805377252,0.2770007122150901,0.2026170602855365,trend,False
2022-11-05 01:00:00+00:00,FTT,perp,buy,2691.4399127911684,25.813,1.3457199563955842,0.5382879825582337,0.5617291357772061,trend,False
2022-11-06 01:00:00+00:00,FTT,perp,buy,1087.806283737321,23.849,0.5439031418686607,0.2175612567474642,0.1451239579618383,trend,False
2022-11-07 01:00:00+00:00,FTT,perp,sell,-9530.626661555358,22.07,4.765313330777679,1.906125332311072,3.5616942319626217,trend,False
2022-11-08 01:00:00+00:00,FTT,perp,buy,3413.403963787465,22.022,1.7067019818937323,0.682680792757493,0.6295236570862663,trend,False
2022-11-09 01:00:00+00:00,FTT,perp,sell,-700.1241113012907,5.912,0.3500620556506453,0.1400248222602581,0.1114194910426782,trend,False
2022-11-12 01:00:00+00:00,FTT,perp,buy,184.50050124004625,2.3677,0.0922502506200231,0.0369001002480092,0.0167686812832271,trend,False
2022-11-30 01:00:00+00:00,FTT,perp,sell,-1764.8390629578878,1.59,0.8824195314789439,0.3529678125915775,0.5061779016794038,trend,True
2022-12-01 01:00:00+00:00,FTT,perp,buy,1279.0462571892883,1.59,0.6395231285946442,0.2558092514378576,0.3125058529736654,trend,True
2022-12-02 01:00:00+00:00,FTT,perp,sell,-640.0765532604687,1.59,0.3200382766302344,0.1280153106520937,0.1106696076622303,trend,True
2022-12-04 01:00:00+00:00,FTT,perp,buy,1197.5288048402176,1.59,0.5987644024201089,0.2395057609680435,0.2836015297097795,trend,True
2022-12-05 01:00:00+00:00,FTT,perp,sell,-511.0222247033299,1.59,0.2555111123516649,0.102204444940666,0.0790856054862366,trend,True
2022-12-08 01:00:00+00:00,FTT,perp,buy,263.6238680618827,1.59,0.1318119340309413,0.0527247736123765,0.0306129013154577,trend,True
2022-12-09 01:00:00+00:00,FTT,perp,sell,-942.8267474656584,1.59,0.4714133737328291,0.1885653494931316,0.2220831970384457,trend,True
2022-12-10 01:00:00+00:00,FTT,perp,sell,-434.026663411365,1.59,0.2170133317056825,0.086805332682273,0.0712514407896966,trend,True
2022-12-11 01:00:00+00:00,FTT,perp,sell,-1988.9511850676224,1.59,0.9944755925338112,0.3977902370135245,0.7032149272764393,trend,True
2022-12-12 01:00:00+00:00,FTT,perp,sell,-532.8730393646301,1.59,0.2664365196823151,0.106574607872926,0.0943431292980893,trend,True
2022-12-13 01:00:00+00:00,FTT,perp,buy,928.0237321964282,1.59,0.4640118660982141,0.1856047464392856,0.2529288752637599,trend,True
2022-12-14 01:00:00+00:00,FTT,perp,sell,-5728.221735127926,1.59,2.864110867563963,1.1456443470255853,6.098041821622113,trend,True
2022-12-15 01:00:00+00:00,FTT,perp,buy,9532.173102847975,1.59,4.766086551423988,1.9064346205695952,333.6260585996791,trend,True
