symbol,interval_h,start,end,n_events
BTC,8.0,2020-01-01 00:00:00+00:00,2026-09-30 16:00:00+00:00,7394
ETH,8.0,2020-01-01 00:00:00+00:00,2026-09-30 16:00:00+00:00,7394
BNB,8.0,2020-02-10 08:00:00+00:00,2026-09-30 16:00:00+00:00,7273
SOL,8.0,2020-09-13 16:00:00+00:00,2022-11-09 16:00:00+00:00,2361
SOL,4.0,2022-11-09 16:00:00+00:00,2022-11-10 04:00:00+00:00,3
SOL,2.0,2022-11-10 04:00:00+00:00,2022-11-18 08:00:00+00:00,98
SOL,8.0,2022-11-18 08:00:00+00:00,2026-09-30 16:00:00+00:00,4237
XRP,8.0,2020-01-06 08:00:00+00:00,2026-09-30 16:00:00+00:00,7378
DOGE,8.0,2020-07-10 08:00:00+00:00,2026-09-30 16:00:00+00:00,6820
ADA,8.0,2020-01-19 16:00:00+00:00,2026-09-30 16:00:00+00:00,7338
AVAX,8.0,2020-09-22 16:00:00+00:00,2026-09-30 16:00:00+00:00,6597
LINK,8.0,2020-01-17 08:00:00+00:00,2026-09-30 16:00:00+00:00,7345
LTC,8.0,2020-01-09 08:00:00+00:00,2026-09-30 16:00:00+00:00,7369
DOT,8.0,2020-08-20 08:00:00+00:00,2026-09-30 16:00:00+00:00,6697
TRX,8.0,2020-01-15 08:00:00+00:00,2026-09-30 16:00:00+00:00,7351
BCH,8.0,2020-01-01 00:00:00+00:00,2026-09-30 16:00:00+00:00,7394
EOS,8.0,2020-01-08 08:00:00+00:00,2026-09-30 16:00:00+00:00,7372
LUNA,8.0,2021-01-28 08:00:00+00:00,2022-05-13 00:00:00+00:00,1409
FTT,8.0,2022-04-14 16:00:00+00:00,2022-11-10 00:00:00+00:00,628
FTT,4.0,2022-11-10 00:00:00+00:00,2022-11-10 04:00:00+00:00,1
FTT,2.0,2022-11-10 04:00:00+00:00,2022-11-14 02:00:00+00:00,47
FTT,6.0,2022-11-14 02:00:00+00:00,2022-11-14 08:00:00+00:00,1
FTT,8.0,2022-11-14 08:00:00+00:00,2025-06-19 08:00:00+00:00,2844
