sleeve,symbol,paid_net,n_events,mean_notional,mean_rate
carry,ADA,-2675.9599272902933,969,-5566.503922612564,0.00047969574819401443
carry,AVAX,-1092.7397229377007,762,-6560.577245759784,0.0002166038845144357
carry,BCH,-1041.4585811334616,888,-5778.620925288461,0.00021267346846846847
carry,BNB,-436.8789996732974,381,-5762.895303955486,0.00020372241469816273
carry,BTC,-1769.5284282500518,690,-5593.333255897719,0.00045185427536231884
carry,DOGE,-1496.6110657320237,1026,-6505.764505177399,0.00022331461988304096
carry,DOT,-41.45325295303402,111,-5829.407590855997,6.270135135135136e-05
carry,EOS,-3029.9000447194517,1464,-5416.8667547478035,0.0003647888661202186
carry,ETH,-3373.570630817721,1829,-6152.823916777084,0.00030917819026790594
carry,LINK,-1278.692021203168,1158,-6339.46314714363,0.00017473600172711573
carry,LTC,-3268.0368739710552,1382,-6034.816804116215,0.00039905545586107094
carry,LUNA,-88.23542196296312,60,-6417.529062273846,0.00022576766666666668
carry,SOL,-666.8384353750782,633,-6289.413053611685,0.00016620368088467616
carry,TRX,-436.55834284012144,279,-5244.661373728923,0.00029479666666666664
carry,XRP,-932.1052741484101,489,-5842.334494010734,0.00033689345603271983
trend,ADA,770.9599813226915,4475,-894.965966703148,0.00015916372960893857
trend,AVAX,642.7756468431506,3767,-1004.662663982741,0.00011802884258030262
trend,BCH,368.65278559419284,4568,-103.82264496719075,7.324722854640981e-05
trend,BNB,-755.6256242810895,4445,959.6138969488704,-1.3120607424071992e-06
trend,BTC,1876.4390929823721,4568,2086.3850906679886,0.00013573368870402802
trend,DOGE,370.3700868683023,3992,-757.4017515368619,0.0001626340631262525
trend,DOT,1294.1858135833027,3863,-1634.2326434820593,9.889920786953146e-05
trend,EOS,277.5422894381766,4538,-1036.1267457137535,0.000169889909651829
trend,ETH,1994.1463202292591,4568,1792.0965926406157,0.00015836274518388793
trend,FTT,585.8247421068439,405,-2812.8918925925777,-0.001152167975308642
trend,LINK,789.3917506996052,4517,271.21719308571704,0.00016492146114677883
trend,LTC,1132.3487211626532,4541,30.815500645836128,0.0001708849482492843
trend,LUNA,126.50555098828504,1047,1419.474648066867,1.4057373447946516e-05
trend,SOL,1971.2202215804516,3869,635.7574870707962,1.8470051692943916e-05
trend,TRX,691.2220780324792,4523,2447.8793866010637,4.937117621047977e-05
trend,XRP,606.1444815337811,4541,-147.88612737009927,0.00017282576745210307
