market,symbol,ts,prev_close,open,close,ret_close,ret_open_gap
spot,DOGE,2021-01-29 03:00:00+00:00,0.048987,0.049059,0.0832873,0.7001918876436604,0.0014697776961234421
spot,LUNA,2022-05-11 12:00:00+00:00,1.59,1.6,0.7302,-0.5407547169811322,0.0062893081761006275
spot,LUNA,2022-05-11 13:00:00+00:00,0.7302,0.7302,2.7998,2.8342919748014244,0.0
spot,LUNA,2022-05-12 09:00:00+00:00,0.0758,0.0758,0.026,-0.6569920844327177,0.0
spot,LUNA,2022-05-12 10:00:00+00:00,0.026,0.026,0.0871,2.35,0.0
spot,LUNA,2022-05-12 11:00:00+00:00,0.0871,0.0869,0.0325,-0.6268656716417911,-0.0022962112514350874
spot,LUNA,2022-05-12 16:00:00+00:00,0.00887,0.00888,0.01427,0.6087936865839911,0.0011273957158963732
spot,LUNA,2022-05-12 19:00:00+00:00,0.02229,0.02229,0.03834,0.7200538358008075,0.0
spot,LUNA,2022-05-12 21:00:00+00:00,0.02757,0.02754,0.00408,-0.8520130576713819,-0.0010881392818281599
spot,LUNA,2022-05-12 23:00:00+00:00,0.0024,0.00241,0.00032,-0.8666666666666667,0.004166666666666652
spot,LUNA,2022-05-13 00:00:00+00:00,0.00032,0.00032,5e-05,-0.84375,0.0
perp,DOGE,2021-01-29 03:00:00+00:00,0.048744,0.048773,0.081865,0.6794887575906776,0.0005949450188740268
perp,LUNA,2022-05-11 12:00:00+00:00,1.365,1.365,0.503,-0.6315018315018315,0.0
perp,LUNA,2022-05-11 13:00:00+00:00,0.503,0.503,2.4263,3.8236580516898604,0.0
perp,LUNA,2022-05-12 06:00:00+00:00,0.279,0.279,0.138,-0.5053763440860215,0.0
perp,LUNA,2022-05-12 08:00:00+00:00,0.1323,0.132,0.0654,-0.5056689342403629,-0.0022675736961450532
perp,LUNA,2022-05-12 09:00:00+00:00,0.0654,0.0655,0.0198,-0.6972477064220184,0.001529051987767538
perp,LUNA,2022-05-12 10:00:00+00:00,0.0198,0.0198,0.0627,2.1666666666666665,0.0
perp,LUNA,2022-05-12 11:00:00+00:00,0.0627,0.0627,0.0295,-0.5295055821371611,0.0
