ts,spot_open,spot_close,spot_volume,spot_is_filled,spot_frozen,perp_open,perp_close,perp_volume,perp_is_filled,perp_frozen,trend_spot_pos,trend_perp_pos,carry_spot_pos,carry_perp_pos
2022-05-01 00:00:00+00:00,78.1,78.3,162589.66,False,False,78.023,78.23,691020.0,False,False,0.0,-590.2317072359746,0.0,0.0
2022-05-01 01:00:00+00:00,78.3,78.67,285670.72,False,False,78.229,78.584,1016100.0,False,False,0.0,-1841.345805662071,0.0,0.0
2022-05-01 02:00:00+00:00,78.67,78.37,95963.16,False,False,78.59,78.288,413510.0,False,False,0.0,-1834.4100635456607,0.0,0.0
2022-05-01 03:00:00+00:00,78.38,79.36,79663.46,False,False,78.289,79.297,401226.0,False,False,0.0,-1858.0525088005857,0.0,0.0
2022-05-01 04:00:00+00:00,79.37,79.46,58121.53,False,False,79.301,79.433,268793.0,False,False,0.0,-1861.239201124342,0.0,0.0
2022-05-01 05:00:00+00:00,79.47,80.24,115325.77,False,False,79.432,80.189,535417.0,False,False,0.0,-1878.9534613946323,0.0,0.0
2022-05-01 06:00:00+00:00,80.25,80.29,98398.92,False,False,80.181,80.22,358400.0,False,False,0.0,-1879.6798397919592,0.0,0.0
2022-05-01 07:00:00+00:00,80.3,79.98,75586.39,False,False,80.223,79.919,324237.0,False,False,0.0,-1872.6269398695285,0.0,0.0
2022-05-01 08:00:00+00:00,79.98,81.01,109200.57,False,False,79.919,80.957,350250.0,False,False,0.0,-1896.9489003993722,0.0,0.0
2022-05-01 09:00:00+00:00,81.01,80.67,109018.66,False,False,80.958,80.576,391616.0,False,False,0.0,-1888.0214755806144,0.0,0.0
2022-05-01 10:00:00+00:00,80.66,79.77,131286.51,False,False,80.58,79.71,415953.0,False,False,0.0,-1867.729743577874,0.0,0.0
2022-05-01 11:00:00+00:00,79.77,79.14,134284.39,False,False,79.71,79.08,471762.0,False,False,0.0,-1852.9678600192985,0.0,0.0
2022-05-01 12:00:00+00:00,79.14,80.38,204596.78,False,False,79.088,80.374,696933.0,False,False,0.0,-1883.2883002173887,0.0,0.0
2022-05-01 13:00:00+00:00,80.39,79.95,74563.4,False,False,80.374,79.891,414694.0,False,False,0.0,-1871.9708561558143,0.0,0.0
2022-05-01 14:00:00+00:00,79.95,79.36,109177.59,False,False,79.892,79.32,422843.0,False,False,0.0,-1858.5914347082796,0.0,0.0
2022-05-01 15:00:00+00:00,79.36,81.1,302193.19,False,False,79.323,81.043,893111.0,False,False,0.0,-1898.964014662924,0.0,0.0
2022-05-01 16:00:00+00:00,81.11,82.02,244569.4,False,False,81.052,81.944,1145962.0,False,False,0.0,-1920.0758513078074,0.0,0.0
2022-05-01 17:00:00+00:00,82.03,81.86,113441.75,False,False,81.937,81.794,568026.0,False,False,0.0,-1916.561117127194,0.0,0.0
2022-05-01 18:00:00+00:00,81.85,80.64,125919.07,False,False,81.794,80.558,589879.0,False,False,0.0,-1887.5997074789411,0.0,0.0
2022-05-01 19:00:00+00:00,80.66,79.98,158549.07,False,False,80.559,79.918,848574.0,False,False,0.0,-1872.6035083083248,0.0,0.0
2022-05-01 20:00:00+00:00,79.98,81.31,93246.55,False,False,79.918,81.267,520495.0,False,False,0.0,-1904.2126843726394,0.0,0.0
2022-05-01 21:00:00+00:00,81.31,81.26,108858.24,False,False,81.266,81.194,464195.0,False,False,0.0,-1902.5021804047412,0.0,0.0
2022-05-01 22:00:00+00:00,81.26,81.79,92445.93,False,False,81.185,81.754,266225.0,False,False,0.0,-1915.6238546790307,0.0,0.0
2022-05-01 23:00:00+00:00,81.79,82.23,107315.67,False,False,81.753,82.13,439637.0,False,False,0.0,-1924.4341216917676,0.0,0.0
2022-05-02 00:00:00+00:00,82.21,83.68,144911.05,False,False,82.131,83.596,719903.0,False,False,0.0,-1958.7847904169612,0.0,0.0
2022-05-02 01:00:00+00:00,83.68,82.97,126176.85,False,False,83.601,82.913,498240.0,False,False,0.0,-612.5488001919807,0.0,0.0
2022-05-02 02:00:00+00:00,82.98,82.8,110817.34,False,False,82.91,82.716,488816.0,False,False,0.0,-611.0933937582753,0.0,0.0
2022-05-02 03:00:00+00:00,82.81,82.83,50941.23,False,False,82.716,82.744,233122.0,False,False,0.0,-611.3002535559593,0.0,0.0
2022-05-02 04:00:00+00:00,82.82,83.23,105179.34,False,False,82.745,83.158,424516.0,False,False,0.0,-614.358823421716,0.0,0.0
2022-05-02 05:00:00+00:00,83.21,83.51,62260.55,False,False,83.158,83.477,316778.0,False,False,0.0,-616.7155475453304,0.0,0.0
2022-05-02 06:00:00+00:00,83.51,82.77,70688.46,False,False,83.461,82.702,448000.0,False,False,0.0,-610.9899638594333,0.0,0.0
2022-05-02 07:00:00+00:00,82.78,82.47,51994.76,False,False,82.705,82.389,317165.0,False,False,0.0,-608.6775668353225,0.0,0.0
2022-05-02 08:00:00+00:00,82.47,82.88,90561.75,False,False,82.393,82.809,513288.0,False,False,0.0,-611.7804638005829,0.0,0.0
2022-05-02 09:00:00+00:00,82.88,82.58,59424.56,False,False,82.81,82.514,381000.0,False,False,0.0,-609.6010480749834,0.0,0.0
2022-05-02 10:00:00+00:00,82.58,82.36,72749.12,False,False,82.515,82.325,398441.0,False,False,0.0,-608.2047444406163,0.0,0.0
2022-05-02 11:00:00+00:00,82.36,82.81,177408.41,False,False,82.326,82.745,1079097.0,False,False,0.0,-611.3076414058767,0.0,0.0
2022-05-02 12:00:00+00:00,82.8,83.82,216424.41,False,False,82.743,83.75,1125497.0,False,False,0.0,-618.7324305727496,0.0,0.0
2022-05-02 13:00:00+00:00,83.8,84.57,416655.81,False,False,83.746,84.468,1973934.0,False,False,0.0,-624.0369068133614,0.0,0.0
2022-05-02 14:00:00+00:00,84.56,83.96,366917.93,False,False,84.467,83.905,1100107.0,False,False,0.0,-619.877547309929,0.0,0.0
2022-05-02 15:00:00+00:00,83.97,83.24,165125.03,False,False,83.904,83.192,703950.0,False,False,0.0,-614.6100103189036,0.0,0.0
2022-05-02 16:00:00+00:00,83.25,83.06,96997.67,False,False,83.193,82.99,604339.0,False,False,0.0,-613.1176646356117,0.0,0.0
2022-05-02 17:00:00+00:00,83.06,81.99,189633.7,False,False,82.994,81.943,914619.0,False,False,0.0,-605.3825857722128,0.0,0.0
2022-05-02 18:00:00+00:00,81.98,81.27,290810.99,False,False,81.94,81.224,1007148.0,False,False,0.0,-600.0707216816837,0.0,0.0
2022-05-02 19:00:00+00:00,81.28,82.55,136878.4,False,False,81.237,82.488,741196.0,False,False,0.0,-609.4089639771339,0.0,0.0
2022-05-02 20:00:00+00:00,82.56,82.95,99405.43,False,False,82.488,82.914,539555.0,False,False,0.0,-612.556188041898,0.0,0.0
2022-05-02 21:00:00+00:00,82.96,84.2,97331.81,False,False,82.914,84.19,526488.0,False,False,0.0,-621.9830845363557,0.0,0.0
2022-05-02 22:00:00+00:00,84.22,84.3,85992.82,False,False,84.196,84.245,450036.0,False,False,0.0,-622.3894162818065,0.0,0.0
2022-05-02 23:00:00+00:00,84.33,84.27,55658.48,False,False,84.246,84.218,322686.0,False,False,0.0,-622.1899443340398,0.0,0.0
2022-05-03 00:00:00+00:00,84.25,84.05,62949.41,False,False,84.216,83.986,377588.0,False,False,0.0,-620.4759631532293,0.0,0.0
2022-05-03 01:00:00+00:00,84.06,85.05,132999.12,False,False,83.986,85.006,665935.0,False,False,0.0,-756.4208957587944,0.0,0.0
2022-05-03 02:00:00+00:00,85.06,84.86,80959.15,False,False,85.001,84.831,366547.0,False,False,0.0,-754.8636685423886,0.0,0.0
2022-05-03 03:00:00+00:00,84.86,84.89,72190.52,False,False,84.819,84.827,335882.0,False,False,0.0,-754.8280747774422,0.0,0.0
2022-05-03 04:00:00+00:00,84.89,84.64,49440.9,False,False,84.819,84.564,255031.0,False,False,0.0,-752.4877847322152,0.0,0.0
2022-05-03 05:00:00+00:00,84.63,84.63,98055.93,False,False,84.563,84.584,473064.0,False,False,0.0,-752.6657535569474,0.0,0.0
2022-05-03 06:00:00+00:00,84.63,84.94,51752.41,False,False,84.584,84.849,228321.0,False,False,0.0,-755.0238404846475,0.0,0.0
2022-05-03 07:00:00+00:00,84.93,85.18,70032.29,False,False,84.858,85.093,323989.0,False,False,0.0,-757.195060146379,0.0,0.0
2022-05-03 08:00:00+00:00,85.17,84.95,57098.39,False,False,85.092,84.849,279687.0,False,False,0.0,-755.0238404846475,0.0,0.0
2022-05-03 09:00:00+00:00,84.94,84.16,75194.76,False,False,84.85,84.074,427065.0,False,False,0.0,-748.127548526279,0.0,0.0
2022-05-03 10:00:00+00:00,84.16,84.21,66135.1,False,False,84.074,84.133,321588.0,False,False,0.0,-748.6525565592387,0.0,0.0
2022-05-03 11:00:00+00:00,84.21,85.16,91587.99,False,False,84.136,85.117,443159.0,False,False,0.0,-757.4086227360575,0.0,0.0
2022-05-03 12:00:00+00:00,85.17,84.4,50585.42,False,False,85.12,84.31,316478.0,False,False,0.0,-750.2275806581177,0.0,0.0
2022-05-03 13:00:00+00:00,84.41,83.59,198400.24,False,False,84.309,83.555,689659.0,False,False,0.0,-743.5092575244814,0.0,0.0
2022-05-03 14:00:00+00:00,83.61,83.44,95529.77,False,False,83.555,83.387,462865.0,False,False,0.0,-742.0143193967318,0.0,0.0
2022-05-03 15:00:00+00:00,83.42,83.89,75294.73,False,False,83.386,83.856,331333.0,False,False,0.0,-746.1876883366992,0.0,0.0
2022-05-03 16:00:00+00:00,83.89,83.24,98355.67,False,False,83.856,83.198,392313.0,False,False,0.0,-740.3325140030136,0.0,0.0
2022-05-03 17:00:00+00:00,83.25,83.59,57358.82,False,False,83.198,83.508,392901.0,False,False,0.0,-743.091030786361,0.0,0.0
2022-05-03 18:00:00+00:00,83.55,82.85,164530.03,False,False,83.5,82.815,721915.0,False,False,0.0,-736.9244110093941,0.0,0.0
2022-05-03 19:00:00+00:00,82.87,82.23,102788.93,False,False,82.813,82.183,463427.0,False,False,0.0,-731.3005961478602,0.0,0.0
2022-05-03 20:00:00+00:00,82.24,81.89,67295.04,False,False,82.201,81.828,440504.0,False,False,0.0,-728.1416495088656,0.0,0.0
2022-05-03 21:00:00+00:00,81.88,82.19,122655.28,False,False,81.828,82.162,553799.0,False,False,0.0,-731.1137288818915,0.0,0.0
2022-05-03 22:00:00+00:00,82.2,82.69,92354.19,False,False,82.162,82.647,390837.0,False,False,0.0,-735.4294728816446,0.0,0.0
2022-05-03 23:00:00+00:00,82.69,82.5,66810.77,False,False,82.648,82.466,256270.0,False,False,0.0,-733.8188550178191,0.0,0.0
2022-05-04 00:00:00+00:00,82.5,82.49,58672.37,False,False,82.467,82.441,234473.0,False,False,0.0,-733.5963939869041,0.0,0.0
2022-05-04 01:00:00+00:00,82.49,82.41,34146.44,False,False,82.444,82.349,166030.0,False,False,0.0,-898.2995067468335,0.0,0.0
2022-05-04 02:00:00+00:00,82.41,82.79,52084.09,False,False,82.345,82.743,281135.0,False,False,0.0,-902.5974339306274,0.0,0.0
2022-05-04 03:00:00+00:00,82.79,83.43,62221.41,False,False,82.743,83.367,511234.0,False,False,0.0,-909.4043033790729,0.0,0.0
2022-05-04 04:00:00+00:00,83.44,83.21,46794.16,False,False,83.367,83.158,371446.0,False,False,0.0,-907.1244384516287,0.0,0.0
2022-05-04 05:00:00+00:00,83.21,83.55,52222.48,False,False,83.151,83.5,297467.0,False,False,0.0,-910.855126514719,0.0,0.0
2022-05-04 06:00:00+00:00,83.55,84.5,93718.29,False,False,83.499,84.457,403352.0,False,False,0.0,-921.2945080245942,0.0,0.0
2022-05-04 07:00:00+00:00,84.51,84.96,93772.93,False,False,84.459,84.909,428207.0,False,False,0.0,-926.2251249968656,0.0,0.0
2022-05-04 08:00:00+00:00,84.97,86.6,222816.02,False,False,84.91,86.559,906534.0,False,False,0.0,-944.2240586345815,0.0,0.0
2022-05-04 09:00:00+00:00,86.6,86.2,92910.04,False,False,86.56,86.135,481956.0,False,False,0.0,-939.59887811192,0.0,0.0
2022-05-04 10:00:00+00:00,86.18,86.93,121674.11,False,False,86.132,86.889,665115.0,False,False,0.0,-947.8238453621248,0.0,0.0
2022-05-04 11:00:00+00:00,86.94,87.05,99156.31,False,False,86.889,87.002,435751.0,False,False,0.0,-949.0564996051926,0.0,0.0
2022-05-04 12:00:00+00:00,87.05,85.28,181512.23,False,False,87.003,85.216,855407.0,False,False,0.0,-929.5740174979436,0.0,0.0
2022-05-04 13:00:00+00:00,85.27,84.22,172765.09,False,False,85.216,84.135,770086.0,False,False,0.0,-917.7819888540824,0.0,0.0
2022-05-04 14:00:00+00:00,84.23,83.99,99193.35,False,False,84.14,83.91,598778.0,False,False,0.0,-915.3275888125756,0.0,0.0
2022-05-04 15:00:00+00:00,83.98,83.75,111258.3,False,False,83.91,83.659,756632.0,False,False,0.0,-912.5895692107172,0.0,0.0
2022-05-04 16:00:00+00:00,83.74,84.53,133700.63,False,False,83.658,84.477,670673.0,False,False,0.0,-921.5126769171727,0.0,0.0
2022-05-04 17:00:00+00:00,84.54,83.93,102832.59,False,False,84.477,83.87,465886.0,False,False,0.0,-914.891251027419,0.0,0.0
2022-05-04 18:00:00+00:00,83.93,86.6,526300.85,False,False,83.866,86.547,2120910.0,False,False,0.0,-944.0931572990345,0.0,0.0
2022-05-04 19:00:00+00:00,86.61,87.71,414957.02,False,False,86.546,87.616,1324387.0,False,False,0.0,-955.7542846073487,0.0,0.0
2022-05-04 20:00:00+00:00,87.7,86.95,194559.43,False,False,87.612,86.893,537405.0,False,False,0.0,-947.8674791406404,0.0,0.0
2022-05-04 21:00:00+00:00,86.95,86.25,82401.12,False,False,86.897,86.219,288939.0,False,False,0.0,-940.5151874607491,0.0,0.0
2022-05-04 22:00:00+00:00,86.26,86.12,88294.41,False,False,86.22,86.073,427215.0,False,False,0.0,-938.9225545449269,0.0,0.0
2022-05-04 23:00:00+00:00,86.13,86.18,123349.81,False,False,86.073,86.164,412511.0,False,False,0.0,-939.9152230061586,0.0,0.0
2022-05-05 00:00:00+00:00,86.18,86.03,84737.24,False,False,86.161,85.992,371980.0,False,False,0.0,-938.0389705299847,0.0,0.0
2022-05-05 01:00:00+00:00,86.04,87.21,132663.74,False,False,85.991,87.089,430673.0,False,False,0.0,1395.3813536292323,0.0,0.0
2022-05-05 02:00:00+00:00,87.2,87.23,102038.42,False,False,87.088,87.162,464490.0,False,False,0.0,1396.5509943279997,0.0,0.0
2022-05-05 03:00:00+00:00,87.22,86.89,41283.43,False,False,87.162,86.832,228934.0,False,False,0.0,1391.2635774705589,0.0,0.0
2022-05-05 04:00:00+00:00,86.9,86.97,40994.64,False,False,86.832,86.905,267341.0,False,False,0.0,1392.4332181693262,0.0,0.0
2022-05-05 05:00:00+00:00,86.97,86.11,65113.99,False,False,86.904,86.027,428107.0,False,False,0.0,1378.365484833469,0.0,0.0
2022-05-05 06:00:00+00:00,86.11,85.86,59789.29,False,False,86.026,85.834,368460.0,False,False,0.0,1375.2731470956326,0.0,0.0
2022-05-05 07:00:00+00:00,85.87,86.21,66329.06,False,False,85.831,86.157,344939.0,False,False,0.0,1380.448406625794,0.0,0.0
2022-05-05 08:00:00+00:00,86.2,85.41,73896.04,False,False,86.157,85.348,465426.0,False,False,0.0,1367.4862240874018,0.0,0.0
2022-05-05 09:00:00+00:00,85.4,85.25,71934.1,False,False,85.344,85.233,365740.0,False,False,0.0,1365.6436394249604,0.0,0.0
2022-05-05 10:00:00+00:00,85.26,85.52,70581.62,False,False,85.223,85.475,397563.0,False,False,0.0,1369.52107845375,0.0,0.0
2022-05-05 11:00:00+00:00,85.53,85.23,46916.56,False,False,85.479,85.195,337831.0,False,False,0.0,1365.0347853625883,0.0,0.0
2022-05-05 12:00:00+00:00,85.24,85.61,38805.01,False,False,85.195,85.569,269702.0,False,False,0.0,1371.0271911343546,0.0,0.0
2022-05-05 13:00:00+00:00,85.62,83.88,140797.36,False,False,85.569,83.841,704275.0,False,False,0.0,1343.340353771756,0.0,0.0
2022-05-05 14:00:00+00:00,83.87,81.97,478038.85,False,False,83.845,81.924,1865304.0,False,False,0.0,1312.625268572624,0.0,0.0
2022-05-05 15:00:00+00:00,81.96,79.83,703797.91,False,False,81.912,79.757,3074807.0,False,False,0.0,1277.9045645420972,0.0,0.0
2022-05-05 16:00:00+00:00,79.84,81.34,287442.11,False,False,79.754,81.267,1533040.0,False,False,0.0,1302.0985022837192,0.0,0.0
2022-05-05 17:00:00+00:00,81.37,80.44,214499.92,False,False,81.279,80.368,933397.0,False,False,0.0,1287.694296966025,0.0,0.0
2022-05-05 18:00:00+00:00,80.44,80.34,335068.62,False,False,80.367,80.232,1815304.0,False,False,0.0,1285.5152403217464,0.0,0.0
2022-05-05 19:00:00+00:00,80.33,81.45,391266.08,False,False,80.229,81.386,1816696.0,False,False,0.0,1304.005176847463,0.0,0.0
2022-05-05 20:00:00+00:00,81.45,81.96,119708.35,False,False,81.398,81.908,674220.0,False,False,0.0,1312.3689089674147,0.0,0.0
2022-05-05 21:00:00+00:00,81.96,82.62,161084.13,False,False,81.907,82.538,568417.0,False,False,0.0,1322.4630684225285,0.0,0.0
2022-05-05 22:00:00+00:00,82.63,82.33,227142.02,False,False,82.538,82.28,825885.0,False,False,0.0,1318.3292697885295,0.0,0.0
2022-05-05 23:00:00+00:00,82.34,82.35,88065.15,False,False,82.283,82.283,507696.0,False,False,0.0,1318.3773372145063,0.0,0.0
2022-05-06 00:00:00+00:00,82.34,81.77,140559.48,False,False,82.286,81.698,748118.0,False,False,0.0,1309.0041891490432,0.0,0.0
2022-05-06 01:00:00+00:00,81.76,80.91,150090.41,False,False,81.698,80.855,675842.0,False,False,0.0,3069.269925777685,0.0,0.0
2022-05-06 02:00:00+00:00,80.91,81.1,99172.31,False,False,80.854,81.027,366682.0,False,False,0.0,3075.7990758269552,0.0,0.0
2022-05-06 03:00:00+00:00,81.11,80.99,84355.26,False,False,81.036,80.942,349297.0,False,False,0.0,3072.572460977025,0.0,0.0
2022-05-06 04:00:00+00:00,80.99,80.54,97514.58,False,False,80.945,80.51,390118.0,False,False,0.0,3056.173665504439,0.0,0.0
2022-05-06 05:00:00+00:00,80.54,80.9,96842.08,False,False,80.512,80.835,302656.0,False,False,0.0,3068.510722283583,0.0,0.0
2022-05-06 06:00:00+00:00,80.9,80.45,60814.34,False,False,80.832,80.392,248987.0,False,False,0.0,3051.6943648892416,0.0,0.0
2022-05-06 07:00:00+00:00,80.46,80.35,225419.9,False,False,80.393,80.292,1043794.0,False,False,0.0,3047.8983474187357,0.0,0.0
2022-05-06 08:00:00+00:00,80.34,79.67,204673.88,False,False,80.291,79.575,794051.0,False,False,0.0,3020.680902155207,0.0,0.0
2022-05-06 09:00:00+00:00,79.66,80.87,119736.93,False,False,79.574,80.812,548886.0,False,False,0.0,3067.637638265367,0.0,0.0
2022-05-06 10:00:00+00:00,80.87,80.09,142784.24,False,False,80.817,80.003,625126.0,False,False,0.0,3036.927856928973,0.0,0.0
2022-05-06 11:00:00+00:00,80.06,79.84,218180.77,False,False,80.002,79.792,916308.0,False,False,0.0,3028.918260066205,0.0,0.0
2022-05-06 12:00:00+00:00,79.84,80.12,194557.83,False,False,79.784,80.035,845906.0,False,False,0.0,3038.1425825195347,0.0,0.0
2022-05-06 13:00:00+00:00,80.11,78.3,454900.44,False,False,80.033,78.238,1693904.0,False,False,0.0,2969.928148574541,0.0,0.0
2022-05-06 14:00:00+00:00,78.3,80.16,351534.95,False,False,78.251,80.121,1304625.0,False,False,0.0,3041.40715754417,0.0,0.0
2022-05-06 15:00:00+00:00,80.16,80.02,268813.1,False,False,80.121,79.968,1227635.0,False,False,0.0,3035.599250814296,0.0,0.0
2022-05-06 16:00:00+00:00,80.02,80.65,168687.42,False,False,79.96,80.602,742772.0,False,False,0.0,3059.6660015773045,0.0,0.0
2022-05-06 17:00:00+00:00,80.66,79.97,99803.03,False,False,80.605,79.916,430001.0,False,False,0.0,3033.6253217296326,0.0,0.0
2022-05-06 18:00:00+00:00,79.97,79.59,110559.37,False,False,79.917,79.5,459095.0,False,False,0.0,3017.8338890523273,0.0,0.0
2022-05-06 19:00:00+00:00,79.59,79.42,141207.01,False,False,79.502,79.376,438355.0,False,False,0.0,3013.1268273889,0.0,0.0
2022-05-06 20:00:00+00:00,79.42,79.32,194863.87,False,False,79.368,79.29,483294.0,False,False,0.0,3009.862252364265,0.0,0.0
2022-05-06 21:00:00+00:00,79.32,78.72,55168.97,False,False,79.29,78.669,279223.0,False,False,0.0,2986.288983872422,0.0,0.0
2022-05-06 22:00:00+00:00,78.72,78.52,66348.67,False,False,78.669,78.479,364085.0,False,False,0.0,2979.0765506784605,0.0,0.0
2022-05-06 23:00:00+00:00,78.52,77.3,126385.87,False,False,78.48,77.243,656207.0,False,False,0.0,2932.157774743005,0.0,0.0
2022-05-07 00:00:00+00:00,77.3,76.76,171577.45,False,False,77.243,76.678,736967.0,False,False,0.0,2910.710276034646,0.0,0.0
2022-05-07 01:00:00+00:00,76.75,76.41,189494.09,False,False,76.674,76.341,947267.0,False,False,0.0,-802.3051575847386,0.0,0.0
2022-05-07 02:00:00+00:00,76.42,76.47,96191.22,False,False,76.344,76.408,452464.0,False,False,0.0,-803.009293574026,0.0,0.0
2022-05-07 03:00:00+00:00,76.46,75.48,153227.64,False,False,76.408,75.389,837250.0,False,False,0.0,-792.3001208414333,0.0,0.0
2022-05-07 04:00:00+00:00,75.49,72.83,418207.58,False,False,75.402,72.783,2170901.0,False,False,0.0,-764.9123837058728,0.0,0.0
2022-05-07 05:00:00+00:00,72.86,73.64,223515.55,False,False,72.791,73.602,993128.0,False,False,0.0,-773.5196579629811,0.0,0.0
2022-05-07 06:00:00+00:00,73.64,72.27,208711.9,False,False,73.601,72.192,1023043.0,False,False,0.0,-758.7012737108166,0.0,0.0
2022-05-07 07:00:00+00:00,72.25,73.09,150088.77,False,False,72.192,73.038,912677.0,False,False,0.0,-767.5923042621152,0.0,0.0
2022-05-07 08:00:00+00:00,73.1,73.47,172332.92,False,False,73.04,73.399,916043.0,False,False,0.0,-771.3862310103644,0.0,0.0
2022-05-07 09:00:00+00:00,73.47,73.29,126535.73,False,False,73.399,73.23,565020.0,False,False,0.0,-769.6101267985803,0.0,0.0
2022-05-07 10:00:00+00:00,73.29,73.88,146130.04,False,False,73.227,73.838,749880.0,False,False,0.0,-775.9998981640524,0.0,0.0
2022-05-07 11:00:00+00:00,73.88,73.86,141357.46,False,False,73.836,73.786,722685.0,False,False,0.0,-775.4534045604266,0.0,0.0
2022-05-07 12:00:00+00:00,73.85,73.48,93860.76,False,False,73.777,73.411,500110.0,False,False,0.0,-771.5123449188935,0.0,0.0
2022-05-07 13:00:00+00:00,73.48,73.05,178035.05,False,False,73.41,72.98,790366.0,False,False,0.0,-766.9827537042249,0.0,0.0
2022-05-07 14:00:00+00:00,73.05,73.07,90476.58,False,False,72.98,73.0,628783.0,False,False,0.0,-767.1929435517733,0.0,0.0
2022-05-07 15:00:00+00:00,73.08,73.44,64618.3,False,False,73.006,73.405,435580.0,False,False,0.0,-771.449287964629,0.0,0.0
2022-05-07 16:00:00+00:00,73.44,73.23,71180.12,False,False,73.404,73.171,450294.0,False,False,0.0,-768.9900667483124,0.0,0.0
2022-05-07 17:00:00+00:00,73.22,72.57,74366.81,False,False,73.166,72.499,451002.0,False,False,0.0,-761.9276878706851,0.0,0.0
2022-05-07 18:00:00+00:00,72.57,72.64,118565.42,False,False,72.498,72.559,674893.0,False,False,0.0,-762.5582574133304,0.0,0.0
2022-05-07 19:00:00+00:00,72.63,72.41,74556.98,False,False,72.558,72.326,405808.0,False,False,0.0,-760.1095456893911,0.0,0.0
2022-05-07 20:00:00+00:00,72.4,70.65,328705.96,False,False,72.326,70.537,1725491.0,False,False,0.0,-741.308063826184,0.0,0.0
2022-05-07 21:00:00+00:00,70.65,66.33,511249.53,False,False,70.548,66.04,2880951.0,False,False,0.0,-694.0468766049194,0.0,0.0
2022-05-07 22:00:00+00:00,66.33,65.28,1094185.15,False,False,66.07,65.183,4940174.0,False,False,0.0,-685.0402416374691,0.0,0.0
2022-05-07 23:00:00+00:00,65.26,68.13,1245198.49,False,False,65.183,68.126,5454573.0,False,False,0.0,-715.9696777042207,0.0,0.0
2022-05-08 00:00:00+00:00,68.13,65.63,424260.35,False,False,68.126,65.584,2055149.0,False,False,0.0,-689.2545480808151,0.0,0.0
2022-05-08 01:00:00+00:00,65.63,63.73,685573.87,False,False,65.584,63.675,3089286.0,False,False,0.0,-2016.4010782806927,0.0,0.0
2022-05-08 02:00:00+00:00,63.73,65.1,1223844.53,False,False,63.688,65.102,4529860.0,False,False,0.0,-2061.5899960460097,0.0,0.0
2022-05-08 03:00:00+00:00,65.1,65.62,686994.67,False,False,65.101,65.576,2846059.0,False,False,0.0,-2076.6001901740824,0.0,0.0
2022-05-08 04:00:00+00:00,65.62,65.15,403372.97,False,False,65.579,65.128,1478789.0,False,False,0.0,-2062.4133400277183,0.0,0.0
2022-05-08 05:00:00+00:00,65.15,65.03,263439.65,False,False,65.127,64.99,1116698.0,False,False,0.0,-2058.0432835094184,0.0,0.0
2022-05-08 06:00:00+00:00,65.03,65.1,304805.98,False,False,64.99,65.064,1196840.0,False,False,0.0,-2060.386647149666,0.0,0.0
2022-05-08 07:00:00+00:00,65.1,64.11,282299.48,False,False,65.064,64.062,1113792.0,False,False,0.0,-2028.6562367776637,0.0,0.0
2022-05-08 08:00:00+00:00,64.11,63.98,305608.1,False,False,64.055,63.952,1211328.0,False,False,0.0,-2025.172858393512,0.0,0.0
2022-05-08 09:00:00+00:00,63.99,62.74,274368.64,False,False,63.952,62.719,1507255.0,False,False,0.0,-1986.1273534147904,0.0,0.0
2022-05-08 10:00:00+00:00,62.73,63.63,445064.41,False,False,62.72,63.619,1777093.0,False,False,0.0,-2014.6277220123973,0.0,0.0
2022-05-08 11:00:00+00:00,63.65,63.25,301141.5,False,False,63.619,63.198,1454267.0,False,False,0.0,-2001.2958829239612,0.0,0.0
2022-05-08 12:00:00+00:00,63.24,60.15,733651.47,False,False,63.205,60.143,3563754.0,False,False,0.0,-1904.5529650731953,0.0,0.0
2022-05-08 13:00:00+00:00,60.16,60.72,937971.69,False,False,60.135,60.697,5977188.0,False,False,0.0,-1922.0965252988335,0.0,0.0
2022-05-08 14:00:00+00:00,60.73,64.64,1088169.15,False,False,60.691,64.571,6118275.0,False,False,0.0,-2044.7747785734214,0.0,0.0
2022-05-08 15:00:00+00:00,64.62,64.82,718957.75,False,False,64.575,64.798,4285514.0,False,False,0.0,-2051.9632048752624,0.0,0.0
2022-05-08 16:00:00+00:00,64.82,64.7,504030.75,False,False,64.794,64.641,2992535.0,False,False,0.0,-2046.9914739087912,0.0,0.0
2022-05-08 17:00:00+00:00,64.71,66.08,961431.09,False,False,64.643,66.087,4908647.0,False,False,0.0,-2092.7820661222795,0.0,0.0
2022-05-08 18:00:00+00:00,66.09,67.04,691724.23,False,False,66.089,66.962,3302787.0,False,False,0.0,-2120.4907578143975,0.0,0.0
2022-05-08 19:00:00+00:00,67.02,66.39,292255.21,False,False,66.962,66.332,1417608.0,False,False,0.0,-2100.5404997960723,0.0,0.0
2022-05-08 20:00:00+00:00,66.38,65.73,480948.64,False,False,66.323,65.684,1523023.0,False,False,0.0,-2080.0202344057952,0.0,0.0
2022-05-08 21:00:00+00:00,65.74,66.81,245430.37,False,False,65.684,66.798,789465.0,False,False,0.0,-2115.297357314389,0.0,0.0
2022-05-08 22:00:00+00:00,66.81,64.91,333030.37,False,False,66.797,64.865,1523860.0,False,False,0.0,-2054.084898981973,0.0,0.0
2022-05-08 23:00:00+00:00,64.9,64.26,255468.48,False,False,64.865,64.237,1503400.0,False,False,0.0,-2034.1979751160873,0.0,0.0
2022-05-09 00:00:00+00:00,64.27,64.35,410589.97,False,False,64.241,64.307,1636278.0,False,False,0.0,-2036.414670451457,0.0,0.0
2022-05-09 01:00:00+00:00,64.35,62.6,231720.63,False,False,64.31,62.542,1303411.0,False,False,0.0,-1821.0589951345287,0.0,0.0
2022-05-09 02:00:00+00:00,62.6,60.8,724689.1,False,False,62.542,60.77,3654772.0,False,False,0.0,-1769.4630030111816,0.0,0.0
2022-05-09 03:00:00+00:00,60.79,61.16,466991.64,False,False,60.771,61.133,2362679.0,False,False,0.0,-1780.0326108784361,0.0,0.0
2022-05-09 04:00:00+00:00,61.18,62.8,478517.22,False,False,61.134,62.756,2567843.0,False,False,0.0,-1827.2901138221114,0.0,0.0
2022-05-09 05:00:00+00:00,62.81,61.55,371498.59,False,False,62.753,61.521,1775316.0,False,False,0.0,-1791.33015317181,0.0,0.0
2022-05-09 06:00:00+00:00,61.56,61.87,383163.5,False,False,61.521,61.835,2126852.0,False,False,0.0,-1800.4730095638704,0.0,0.0
2022-05-09 07:00:00+00:00,61.87,60.85,505048.11,False,False,61.838,60.803,2082546.0,False,False,0.0,-1770.423876453659,0.0,0.0
2022-05-09 08:00:00+00:00,60.85,61.94,451903.5,False,False,60.803,61.929,2503281.0,False,False,0.0,-1803.2100430060796,0.0,0.0
2022-05-09 09:00:00+00:00,61.95,61.23,267153.03,False,False,61.931,61.189,1301374.0,False,False,0.0,-1781.6631839929437,0.0,0.0
2022-05-09 10:00:00+00:00,61.22,60.69,1010384.86,False,False,61.188,60.696,4799267.0,False,False,0.0,-1767.3083171098679,0.0,0.0
2022-05-09 11:00:00+00:00,60.69,59.42,653889.77,False,False,60.686,59.361,3751157.0,False,False,0.0,-1728.4366187550886,0.0,0.0
2022-05-09 12:00:00+00:00,59.42,59.31,956295.84,False,False,59.356,59.26,3853211.0,False,False,0.0,-1725.495763673566,0.0,0.0
2022-05-09 13:00:00+00:00,59.31,60.25,951123.58,False,False,59.262,60.184,5168398.0,False,False,0.0,-1752.4002200629413,0.0,0.0
2022-05-09 14:00:00+00:00,60.26,58.78,487779.09,False,False,60.188,58.697,3431835.0,False,False,0.0,-1709.102680397356,0.0,0.0
2022-05-09 15:00:00+00:00,58.77,57.38,1066632.23,False,False,58.683,57.3,5580287.0,False,False,0.0,-1668.4257046658004,0.0,0.0
2022-05-09 16:00:00+00:00,57.35,53.67,1736466.24,False,False,57.295,53.541,9400118.0,False,False,0.0,-1558.9734843544786,0.0,0.0
2022-05-09 17:00:00+00:00,53.68,51.48,1769621.53,False,False,53.542,51.331,8997872.0,False,False,0.0,-1494.6240810855186,0.0,0.0
2022-05-09 18:00:00+00:00,51.48,46.77,3561734.44,False,False,51.346,46.513,28284006.0,False,False,0.0,-1354.3365584837761,0.0,0.0
2022-05-09 19:00:00+00:00,46.76,46.96,2458521.37,False,False,46.51,46.867,17184963.0,False,False,0.0,-1364.6441099576277,0.0,0.0
2022-05-09 20:00:00+00:00,46.98,48.53,2758758.37,False,False,46.854,48.463,17279840.0,False,False,0.0,-1411.1154437210942,0.0,0.0
2022-05-09 21:00:00+00:00,48.53,42.0,1959080.26,False,False,48.472,41.897,11720958.0,False,False,0.0,-1219.9307460450793,0.0,0.0
2022-05-09 22:00:00+00:00,42.02,41.47,3973256.99,False,False,41.889,41.421,23265944.0,False,False,0.0,-1206.0708745717648,0.0,0.0
2022-05-09 23:00:00+00:00,41.47,30.29,5568301.66,False,False,41.421,30.106,32138864.0,False,False,0.0,-876.6077533100976,0.0,0.0
2022-05-10 00:00:00+00:00,30.31,38.61,8420061.98,False,False,30.121,37.873,60481184.0,False,False,0.0,-1102.762420816891,0.0,0.0
2022-05-10 01:00:00+00:00,38.61,35.22,4741080.03,False,False,37.877,34.606,26221262.0,False,False,0.0,-1007.6359500116002,0.0,0.0
2022-05-10 02:00:00+00:00,35.21,31.13,4406326.49,False,False,34.61,31.042,19565994.0,False,False,0.0,-903.8616182240102,0.0,0.0
2022-05-10 03:00:00+00:00,31.12,25.37,5996536.63,False,False,31.043,25.33,29833569.0,False,False,0.0,-737.543160544236,0.0,0.0
2022-05-10 04:00:00+00:00,25.36,29.8,8495893.74,False,False,25.33,29.804,43567796.0,False,False,0.0,-867.8143054425744,0.0,0.0
2022-05-10 05:00:00+00:00,29.81,32.63,6124903.7,False,False,29.809,32.654,29923590.0,False,False,0.0,-950.798830020193,0.0,0.0
2022-05-10 06:00:00+00:00,32.63,34.55,6431541.46,False,False,32.631,34.519,34628021.0,False,False,0.0,-1005.1027382087045,0.0,0.0
2022-05-10 07:00:00+00:00,34.56,30.9,4755400.98,False,False,34.517,30.938,25539646.0,False,False,0.0,-900.8334110113532,0.0,0.0
2022-05-10 08:00:00+00:00,30.9,31.84,3929935.59,False,False,30.939,31.811,20065186.0,False,False,0.0,-926.2528811714446,0.0,0.0
2022-05-10 09:00:00+00:00,31.85,29.0,4501035.44,False,False,31.812,28.991,22828450.0,False,False,0.0,-844.1418779051697,0.0,0.0
2022-05-10 10:00:00+00:00,28.99,29.16,4310961.03,False,False,28.992,29.105,16718110.0,False,False,0.0,-847.4612588882744,0.0,0.0
2022-05-10 11:00:00+00:00,29.14,32.46,4499476.74,False,False,29.104,32.386,18887893.0,False,False,0.0,-942.9953729721923,0.0,0.0
2022-05-10 12:00:00+00:00,32.46,33.54,4202573.93,False,False,32.385,33.417,19458461.0,False,False,0.0,-973.0153887053588,0.0,0.0
2022-05-10 13:00:00+00:00,33.54,31.76,3322472.53,False,False,33.424,31.659,21656818.0,False,False,0.0,-921.8270398606384,0.0,0.0
2022-05-10 14:00:00+00:00,31.76,29.47,3673992.75,False,False,31.663,29.238,26895760.0,False,False,0.0,-851.3338700352299,0.0,0.0
2022-05-10 15:00:00+00:00,29.46,31.46,6355604.91,False,False,29.237,31.455,42792024.0,False,False,0.0,-915.8870949435036,0.0,0.0
2022-05-10 16:00:00+00:00,31.46,30.04,3158682.41,False,False,31.461,29.98,23765615.0,False,False,0.0,-872.9389638024555,0.0,0.0
2022-05-10 17:00:00+00:00,30.04,31.02,2394854.38,False,False,29.98,31.001,17082961.0,False,False,0.0,-902.6678057651742,0.0,0.0
2022-05-10 18:00:00+00:00,31.02,28.09,2485458.09,False,False,31.011,27.95,20394144.0,False,False,0.0,-813.8306884015553,0.0,0.0
2022-05-10 19:00:00+00:00,28.07,25.06,5687628.36,False,False,27.95,24.798,42500086.0,False,False,0.0,-722.052715956414,0.0,0.0
2022-05-10 20:00:00+00:00,25.06,23.07,3760249.15,False,False,24.798,22.65,30020089.0,False,False,0.0,-659.50859006423,0.0,0.0
2022-05-10 21:00:00+00:00,23.06,16.13,9133482.892,False,False,22.637,15.367,82321588.0,False,False,0.0,-447.4467330471092,0.0,0.0
2022-05-10 22:00:00+00:00,16.11,15.6,11281028.123,False,False,15.375,15.519,103660706.0,False,False,0.0,-451.8725743579155,0.0,0.0
2022-05-10 23:00:00+00:00,15.57,17.46,9986478.59,False,False,15.524,17.505,70145631.0,False,False,0.0,-509.6996851688453,0.0,0.0
2022-05-11 00:00:00+00:00,17.46,16.93,12291942.97,False,False,17.506,16.91,55741198.0,False,False,0.0,-492.3748458272022,0.0,0.0
2022-05-11 01:00:00+00:00,16.93,14.46,9428847.65,False,False,16.906,14.494,47946989.0,False,False,0.0,-623.2369705176432,0.0,0.0
2022-05-11 02:00:00+00:00,14.46,15.48,15230228.92,False,False,14.494,15.524,68503953.0,False,False,0.0,-667.5266131030697,0.0,0.0
2022-05-11 03:00:00+00:00,15.48,13.59,11929953.6,False,False,15.524,13.614,54609342.0,False,False,0.0,-585.3972758815506,0.0,0.0
2022-05-11 04:00:00+00:00,13.59,10.51,18570725.416,False,False,13.617,10.511,101644369.0,False,False,0.0,-451.96935263632867,0.0,0.0
2022-05-11 05:00:00+00:00,10.5,9.37,25856978.751,False,False,10.514,9.252,166270000.0,False,False,0.0,-397.83278951491894,0.0,0.0
2022-05-11 06:00:00+00:00,9.37,6.3,25444481.052,False,False,9.252,5.847,284913617.0,False,False,0.0,-251.41897106503797,0.0,0.0
2022-05-11 07:00:00+00:00,6.31,5.71,45230223.015,False,False,5.849,4.667,570851043.0,False,False,0.0,-200.6793805302774,0.0,0.0
2022-05-11 08:00:00+00:00,5.71,5.82,38720242.68,False,False,4.71,4.995,362592901.0,False,False,0.0,-214.78326671282102,0.0,0.0
2022-05-11 09:00:00+00:00,5.83,4.02,44546620.6,False,False,4.994,3.918,358478585.0,False,False,0.0,-168.47264043660317,0.0,0.0
2022-05-11 10:00:00+00:00,4.01,2.79,61768179.945,False,False,3.919,2.18,581224090.0,False,False,0.0,-93.7392435303203,0.0,0.0
2022-05-11 11:00:00+00:00,2.79,1.59,80825617.357,False,False,2.18,1.365,893274473.0,False,False,0.0,-58.69452633893908,0.0,0.0
2022-05-11 12:00:00+00:00,1.6,0.7302,145228765.38,False,False,1.365,0.503,1193543533.0,False,False,0.0,-21.62882545676656,0.0,0.0
2022-05-11 13:00:00+00:00,0.7302,2.7998,309241696.35,False,False,0.503,2.4263,1289630887.0,False,False,0.0,-104.33005806312666,0.0,0.0
2022-05-11 14:00:00+00:00,2.7998,4.0874,313211422.99,False,False,2.4263,3.404,757865204.0,False,False,0.0,-146.37081879688543,0.0,0.0
2022-05-11 15:00:00+00:00,4.0874,2.3876,259576239.36,False,False,3.404,2.3962,686584605.0,False,False,0.0,-103.0357685079603,0.0,0.0
2022-05-11 16:00:00+00:00,2.3862,2.2633,147503592.73,False,False,2.3962,2.259,368770515.0,False,False,0.0,-97.1362161169695,0.0,0.0
2022-05-11 17:00:00+00:00,2.2635,1.7756,155401364.78,False,False,2.259,1.7657,401745403.0,False,False,0.0,-75.92448729425988,0.0,0.0
2022-05-11 18:00:00+00:00,1.7725,1.3529,119493876.11,False,False,1.7695,1.3348,313062917.0,False,False,0.0,-57.395936818473174,0.0,0.0
2022-05-11 19:00:00+00:00,1.355,1.2193,165381636.37,False,False,1.3342,1.205,436586687.0,False,False,0.0,-51.81458185964952,0.0,0.0
2022-05-11 20:00:00+00:00,1.2193,1.0506,120160925.96,False,False,1.2049,1.054,320258461.0,False,False,0.0,-45.32163425731999,0.0,0.0
2022-05-11 21:00:00+00:00,1.0506,1.0856,145117230.0,False,False,1.0542,1.093,308970935.0,False,False,0.0,-46.99862072414682,0.0,0.0
2022-05-11 22:00:00+00:00,1.0856,1.0819,188663982.25,False,False,1.093,1.0909,437368399.0,False,False,0.0,-46.90832145285614,0.0,0.0
2022-05-11 23:00:00+00:00,1.0819,1.0769,105615558.84,False,False,1.0908,1.0902,202970420.0,False,False,0.0,-46.87822169575926,0.0,0.0
2022-05-12 00:00:00+00:00,1.0782,1.1297,142072812.38,False,False,1.09,1.1347,296381191.0,False,False,0.0,-48.791706254061666,0.0,0.0
2022-05-12 01:00:00+00:00,1.1297,0.8401,139392388.22,False,False,1.1347,0.8396,281763318.0,False,False,0.0,-36.10250865507198,0.0,0.0
2022-05-12 02:00:00+00:00,0.8402,0.5506,335621308.6,False,False,0.8396,0.5453,809563479.0,False,False,0.0,-23.44771077847874,0.0,0.0
2022-05-12 03:00:00+00:00,0.5506,0.392,384331633.22,False,False,0.5446,0.3789,1419954434.0,False,False,0.0,-16.292568520017596,0.0,0.0
2022-05-12 04:00:00+00:00,0.392,0.292,335812246.45,False,False,0.3788,0.2671,1415611301.0,False,False,0.0,-11.485207315114014,0.0,0.0
2022-05-12 05:00:00+00:00,0.292,0.3148,620632503.82,False,False,0.2671,0.279,2713360061.0,False,False,0.0,-11.996903185761175,0.0,0.0
2022-05-12 06:00:00+00:00,0.3147,0.1605,494986606.81,False,False,0.279,0.138,1879364492.0,False,False,0.0,-5.933952113387248,0.0,0.0
2022-05-12 07:00:00+00:00,0.1605,0.1407,866946205.47,False,False,0.1379,0.1323,3903431292.0,False,False,0.0,-5.688854091312557,0.0,0.0
2022-05-12 08:00:00+00:00,0.141,0.0758,1250688018.03,False,False,0.132,0.0654,2776789212.0,False,False,0.0,-2.8121773059096085,0.0,0.0
2022-05-12 09:00:00+00:00,0.0758,0.026,2513765118.54,False,False,0.0655,0.0198,6224732078.0,False,False,0.0,-0.8513931293120834,0.0,0.0
2022-05-12 10:00:00+00:00,0.026,0.0871,3918323797.02,False,False,0.0198,0.0627,8036332532.0,False,False,0.0,-2.6960782428215975,0.0,0.0
2022-05-12 11:00:00+00:00,0.0869,0.0325,3691483415.35,False,False,0.0627,0.0295,4925828762.0,False,False,0.0,-1.2684897633690129,0.0,0.0
2022-05-12 12:00:00+00:00,0.0324,0.02018,4860909534.27,False,False,0.0296,0.0197,4827187368.0,False,False,0.0,-0.8470931640125273,0.0,0.0
2022-05-12 13:00:00+00:00,0.02018,0.01131,9154043187.18,False,False,0.0197,0.0117,5083643906.0,False,False,0.0,-0.5030959400480493,0.0,0.0
2022-05-12 14:00:00+00:00,0.0113,0.00657,17289687684.83,False,False,0.0118,0.0069,18373433498.0,False,False,0.0,-0.2966976056693624,0.0,0.0
2022-05-12 15:00:00+00:00,0.00656,0.00887,16684119202.92,False,False,0.0069,0.008,7743377324.0,False,False,0.0,-0.3439972239644781,0.0,0.0
2022-05-12 16:00:00+00:00,0.00888,0.01427,18683488317.87,False,False,0.008,0.008,0.0,False,True,0.0,-0.3439972239644781,0.0,0.0
2022-05-12 17:00:00+00:00,0.01428,0.02002,8711080952.54,False,False,0.008,0.008,0.0,False,True,0.0,-0.3439972239644781,0.0,0.0
2022-05-12 18:00:00+00:00,0.02002,0.02229,5398507365.55,False,False,0.008,0.008,0.0,False,True,0.0,-0.3439972239644781,0.0,0.0
2022-05-12 19:00:00+00:00,0.02229,0.03834,7313815132.81,False,False,0.008,0.008,0.0,False,True,0.0,-0.3439972239644781,0.0,0.0
2022-05-12 20:00:00+00:00,0.0382,0.02757,8429557384.44,False,False,0.008,0.008,0.0,False,True,0.0,-0.3439972239644781,0.0,0.0
2022-05-12 21:00:00+00:00,0.02754,0.00408,26626617590.32,False,False,0.008,0.008,0.0,False,True,0.0,-0.3439972239644781,0.0,0.0
2022-05-12 22:00:00+00:00,0.00409,0.0024,49934578143.99,False,False,0.008,0.008,0.0,False,True,0.0,-0.3439972239644781,0.0,0.0
2022-05-12 23:00:00+00:00,0.00241,0.00032,85458681239.81,False,False,0.008,0.008,0.0,False,True,0.0,-0.3439972239644781,0.0,0.0
2022-05-13 00:00:00+00:00,0.00032,5e-05,145150420958.3,False,False,0.008,0.008,0.0,False,True,0.0,-0.3439972239644781,0.0,0.0
2022-05-13 01:00:00+00:00,,,,True,False,0.008,0.008,0.0,False,True,0.0,-0.3439972239644781,0.0,0.0
2022-05-13 02:00:00+00:00,,,,True,False,0.008,0.008,0.0,False,True,0.0,-0.3439972239644781,0.0,0.0
2022-05-13 03:00:00+00:00,,,,True,False,0.008,0.008,0.0,False,True,0.0,-0.3439972239644781,0.0,0.0
2022-05-13 04:00:00+00:00,,,,True,False,0.008,0.008,0.0,False,True,0.0,-0.3439972239644781,0.0,0.0
2022-05-13 05:00:00+00:00,,,,True,False,0.008,0.008,0.0,False,True,0.0,-0.3439972239644781,0.0,0.0
2022-05-13 06:00:00+00:00,,,,True,False,0.008,0.008,0.0,False,True,0.0,-0.3439972239644781,0.0,0.0
2022-05-13 07:00:00+00:00,,,,True,False,,,,True,False,0.0,0.0,0.0,0.0
2022-05-13 08:00:00+00:00,,,,True,False,,,,True,False,0.0,0.0,0.0,0.0
2022-05-13 09:00:00+00:00,,,,True,False,,,,True,False,0.0,0.0,0.0,0.0
2022-05-13 10:00:00+00:00,,,,True,False,,,,True,False,0.0,0.0,0.0,0.0
2022-05-13 11:00:00+00:00,,,,True,False,,,,True,False,0.0,0.0,0.0,0.0
2022-05-13 12:00:00+00:00,,,,True,False,,,,True,False,0.0,0.0,0.0,0.0
2022-05-13 13:00:00+00:00,,,,True,False,,,,True,False,0.0,0.0,0.0,0.0
2022-05-13 14:00:00+00:00,,,,True,False,,,,True,False,0.0,0.0,0.0,0.0
2022-05-13 15:00:00+00:00,,,,True,False,,,,True,False,0.0,0.0,0.0,0.0
2022-05-13 16:00:00+00:00,,,,True,False,,,,True,False,0.0,0.0,0.0,0.0
2022-05-13 17:00:00+00:00,,,,True,False,,,,True,False,0.0,0.0,0.0,0.0
2022-05-13 18:00:00+00:00,,,,True,False,,,,True,False,0.0,0.0,0.0,0.0
2022-05-13 19:00:00+00:00,,,,True,False,,,,True,False,0.0,0.0,0.0,0.0
2022-05-13 20:00:00+00:00,,,,True,False,,,,True,False,0.0,0.0,0.0,0.0
2022-05-13 21:00:00+00:00,,,,True,False,,,,True,False,0.0,0.0,0.0,0.0
2022-05-13 22:00:00+00:00,,,,True,False,,,,True,False,0.0,0.0,0.0,0.0
2022-05-13 23:00:00+00:00,,,,True,False,,,,True,False,0.0,0.0,0.0,0.0
2022-05-14 00:00:00+00:00,,,,True,False,,,,True,False,0.0,0.0,0.0,0.0
2022-05-14 01:00:00+00:00,,,,True,False,,,,True,False,0.0,0.0,0.0,0.0
2022-05-14 02:00:00+00:00,,,,True,False,,,,True,False,0.0,0.0,0.0,0.0
2022-05-14 03:00:00+00:00,,,,True,False,,,,True,False,0.0,0.0,0.0,0.0
2022-05-14 04:00:00+00:00,,,,True,False,,,,True,False,0.0,0.0,0.0,0.0
2022-05-14 05:00:00+00:00,,,,True,False,,,,True,False,0.0,0.0,0.0,0.0
2022-05-14 06:00:00+00:00,,,,True,False,,,,True,False,0.0,0.0,0.0,0.0
2022-05-14 07:00:00+00:00,,,,True,False,,,,True,False,0.0,0.0,0.0,0.0
2022-05-14 08:00:00+00:00,,,,True,False,,,,True,False,0.0,0.0,0.0,0.0
2022-05-14 09:00:00+00:00,,,,True,False,,,,True,False,0.0,0.0,0.0,0.0
2022-05-14 10:00:00+00:00,,,,True,False,,,,True,False,0.0,0.0,0.0,0.0
2022-05-14 11:00:00+00:00,,,,True,False,,,,True,False,0.0,0.0,0.0,0.0
2022-05-14 12:00:00+00:00,,,,True,False,,,,True,False,0.0,0.0,0.0,0.0
2022-05-14 13:00:00+00:00,,,,True,False,,,,True,False,0.0,0.0,0.0,0.0
2022-05-14 14:00:00+00:00,,,,True,False,,,,True,False,0.0,0.0,0.0,0.0
2022-05-14 15:00:00+00:00,,,,True,False,,,,True,False,0.0,0.0,0.0,0.0
2022-05-14 16:00:00+00:00,,,,True,False,,,,True,False,0.0,0.0,0.0,0.0
2022-05-14 17:00:00+00:00,,,,True,False,,,,True,False,0.0,0.0,0.0,0.0
2022-05-14 18:00:00+00:00,,,,True,False,,,,True,False,0.0,0.0,0.0,0.0
2022-05-14 19:00:00+00:00,,,,True,False,,,,True,False,0.0,0.0,0.0,0.0
2022-05-14 20:00:00+00:00,,,,True,False,,,,True,False,0.0,0.0,0.0,0.0
2022-05-14 21:00:00+00:00,,,,True,False,,,,True,False,0.0,0.0,0.0,0.0
2022-05-14 22:00:00+00:00,,,,True,False,,,,True,False,0.0,0.0,0.0,0.0
2022-05-14 23:00:00+00:00,,,,True,False,,,,True,False,0.0,0.0,0.0,0.0
2022-05-15 00:00:00+00:00,,,,True,False,,,,True,False,0.0,0.0,0.0,0.0
2022-05-15 01:00:00+00:00,,,,True,False,,,,True,False,0.0,0.0,0.0,0.0
2022-05-15 02:00:00+00:00,,,,True,False,,,,True,False,0.0,0.0,0.0,0.0
2022-05-15 03:00:00+00:00,,,,True,False,,,,True,False,0.0,0.0,0.0,0.0
2022-05-15 04:00:00+00:00,,,,True,False,,,,True,False,0.0,0.0,0.0,0.0
2022-05-15 05:00:00+00:00,,,,True,False,,,,True,False,0.0,0.0,0.0,0.0
2022-05-15 06:00:00+00:00,,,,True,False,,,,True,False,0.0,0.0,0.0,0.0
2022-05-15 07:00:00+00:00,,,,True,False,,,,True,False,0.0,0.0,0.0,0.0
2022-05-15 08:00:00+00:00,,,,True,False,,,,True,False,0.0,0.0,0.0,0.0
2022-05-15 09:00:00+00:00,,,,True,False,,,,True,False,0.0,0.0,0.0,0.0
2022-05-15 10:00:00+00:00,,,,True,False,,,,True,False,0.0,0.0,0.0,0.0
2022-05-15 11:00:00+00:00,,,,True,False,,,,True,False,0.0,0.0,0.0,0.0
2022-05-15 12:00:00+00:00,,,,True,False,,,,True,False,0.0,0.0,0.0,0.0
2022-05-15 13:00:00+00:00,,,,True,False,,,,True,False,0.0,0.0,0.0,0.0
2022-05-15 14:00:00+00:00,,,,True,False,,,,True,False,0.0,0.0,0.0,0.0
2022-05-15 15:00:00+00:00,,,,True,False,,,,True,False,0.0,0.0,0.0,0.0
2022-05-15 16:00:00+00:00,,,,True,False,,,,True,False,0.0,0.0,0.0,0.0
2022-05-15 17:00:00+00:00,,,,True,False,,,,True,False,0.0,0.0,0.0,0.0
2022-05-15 18:00:00+00:00,,,,True,False,,,,True,False,0.0,0.0,0.0,0.0
2022-05-15 19:00:00+00:00,,,,True,False,,,,True,False,0.0,0.0,0.0,0.0
2022-05-15 20:00:00+00:00,,,,True,False,,,,True,False,0.0,0.0,0.0,0.0
2022-05-15 21:00:00+00:00,,,,True,False,,,,True,False,0.0,0.0,0.0,0.0
2022-05-15 22:00:00+00:00,,,,True,False,,,,True,False,0.0,0.0,0.0,0.0
2022-05-15 23:00:00+00:00,,,,True,False,,,,True,False,0.0,0.0,0.0,0.0
2022-05-16 00:00:00+00:00,,,,True,False,,,,True,False,0.0,0.0,0.0,0.0
2022-05-16 01:00:00+00:00,,,,True,False,,,,True,False,0.0,0.0,0.0,0.0
2022-05-16 02:00:00+00:00,,,,True,False,,,,True,False,0.0,0.0,0.0,0.0
2022-05-16 03:00:00+00:00,,,,True,False,,,,True,False,0.0,0.0,0.0,0.0
2022-05-16 04:00:00+00:00,,,,True,False,,,,True,False,0.0,0.0,0.0,0.0
2022-05-16 05:00:00+00:00,,,,True,False,,,,True,False,0.0,0.0,0.0,0.0
2022-05-16 06:00:00+00:00,,,,True,False,,,,True,False,0.0,0.0,0.0,0.0
2022-05-16 07:00:00+00:00,,,,True,False,,,,True,False,0.0,0.0,0.0,0.0
2022-05-16 08:00:00+00:00,,,,True,False,,,,True,False,0.0,0.0,0.0,0.0
2022-05-16 09:00:00+00:00,,,,True,False,,,,True,False,0.0,0.0,0.0,0.0
2022-05-16 10:00:00+00:00,,,,True,False,,,,True,False,0.0,0.0,0.0,0.0
2022-05-16 11:00:00+00:00,,,,True,False,,,,True,False,0.0,0.0,0.0,0.0
2022-05-16 12:00:00+00:00,,,,True,False,,,,True,False,0.0,0.0,0.0,0.0
2022-05-16 13:00:00+00:00,,,,True,False,,,,True,False,0.0,0.0,0.0,0.0
2022-05-16 14:00:00+00:00,,,,True,False,,,,True,False,0.0,0.0,0.0,0.0
2022-05-16 15:00:00+00:00,,,,True,False,,,,True,False,0.0,0.0,0.0,0.0
2022-05-16 16:00:00+00:00,,,,True,False,,,,True,False,0.0,0.0,0.0,0.0
2022-05-16 17:00:00+00:00,,,,True,False,,,,True,False,0.0,0.0,0.0,0.0
2022-05-16 18:00:00+00:00,,,,True,False,,,,True,False,0.0,0.0,0.0,0.0
2022-05-16 19:00:00+00:00,,,,True,False,,,,True,False,0.0,0.0,0.0,0.0
2022-05-16 20:00:00+00:00,,,,True,False,,,,True,False,0.0,0.0,0.0,0.0
2022-05-16 21:00:00+00:00,,,,True,False,,,,True,False,0.0,0.0,0.0,0.0
2022-05-16 22:00:00+00:00,,,,True,False,,,,True,False,0.0,0.0,0.0,0.0
2022-05-16 23:00:00+00:00,,,,True,False,,,,True,False,0.0,0.0,0.0,0.0
2022-05-17 00:00:00+00:00,,,,True,False,,,,True,False,0.0,0.0,0.0,0.0
2022-05-17 01:00:00+00:00,,,,True,False,,,,True,False,0.0,0.0,0.0,0.0
2022-05-17 02:00:00+00:00,,,,True,False,,,,True,False,0.0,0.0,0.0,0.0
2022-05-17 03:00:00+00:00,,,,True,False,,,,True,False,0.0,0.0,0.0,0.0
2022-05-17 04:00:00+00:00,,,,True,False,,,,True,False,0.0,0.0,0.0,0.0
2022-05-17 05:00:00+00:00,,,,True,False,,,,True,False,0.0,0.0,0.0,0.0
2022-05-17 06:00:00+00:00,,,,True,False,,,,True,False,0.0,0.0,0.0,0.0
2022-05-17 07:00:00+00:00,,,,True,False,,,,True,False,0.0,0.0,0.0,0.0
2022-05-17 08:00:00+00:00,,,,True,False,,,,True,False,0.0,0.0,0.0,0.0
2022-05-17 09:00:00+00:00,,,,True,False,,,,True,False,0.0,0.0,0.0,0.0
2022-05-17 10:00:00+00:00,,,,True,False,,,,True,False,0.0,0.0,0.0,0.0
2022-05-17 11:00:00+00:00,,,,True,False,,,,True,False,0.0,0.0,0.0,0.0
2022-05-17 12:00:00+00:00,,,,True,False,,,,True,False,0.0,0.0,0.0,0.0
2022-05-17 13:00:00+00:00,,,,True,False,,,,True,False,0.0,0.0,0.0,0.0
2022-05-17 14:00:00+00:00,,,,True,False,,,,True,False,0.0,0.0,0.0,0.0
2022-05-17 15:00:00+00:00,,,,True,False,,,,True,False,0.0,0.0,0.0,0.0
2022-05-17 16:00:00+00:00,,,,True,False,,,,True,False,0.0,0.0,0.0,0.0
2022-05-17 17:00:00+00:00,,,,True,False,,,,True,False,0.0,0.0,0.0,0.0
2022-05-17 18:00:00+00:00,,,,True,False,,,,True,False,0.0,0.0,0.0,0.0
2022-05-17 19:00:00+00:00,,,,True,False,,,,True,False,0.0,0.0,0.0,0.0
2022-05-17 20:00:00+00:00,,,,True,False,,,,True,False,0.0,0.0,0.0,0.0
2022-05-17 21:00:00+00:00,,,,True,False,,,,True,False,0.0,0.0,0.0,0.0
2022-05-17 22:00:00+00:00,,,,True,False,,,,True,False,0.0,0.0,0.0,0.0
2022-05-17 23:00:00+00:00,,,,True,False,,,,True,False,0.0,0.0,0.0,0.0
2022-05-18 00:00:00+00:00,,,,True,False,,,,True,False,0.0,0.0,0.0,0.0
2022-05-18 01:00:00+00:00,,,,True,False,,,,True,False,0.0,0.0,0.0,0.0
2022-05-18 02:00:00+00:00,,,,True,False,,,,True,False,0.0,0.0,0.0,0.0
2022-05-18 03:00:00+00:00,,,,True,False,,,,True,False,0.0,0.0,0.0,0.0
2022-05-18 04:00:00+00:00,,,,True,False,,,,True,False,0.0,0.0,0.0,0.0
2022-05-18 05:00:00+00:00,,,,True,False,,,,True,False,0.0,0.0,0.0,0.0
2022-05-18 06:00:00+00:00,,,,True,False,,,,True,False,0.0,0.0,0.0,0.0
2022-05-18 07:00:00+00:00,,,,True,False,,,,True,False,0.0,0.0,0.0,0.0
2022-05-18 08:00:00+00:00,,,,True,False,,,,True,False,0.0,0.0,0.0,0.0
2022-05-18 09:00:00+00:00,,,,True,False,,,,True,False,0.0,0.0,0.0,0.0
2022-05-18 10:00:00+00:00,,,,True,False,,,,True,False,0.0,0.0,0.0,0.0
2022-05-18 11:00:00+00:00,,,,True,False,,,,True,False,0.0,0.0,0.0,0.0
2022-05-18 12:00:00+00:00,,,,True,False,,,,True,False,0.0,0.0,0.0,0.0
2022-05-18 13:00:00+00:00,,,,True,False,,,,True,False,0.0,0.0,0.0,0.0
2022-05-18 14:00:00+00:00,,,,True,False,,,,True,False,0.0,0.0,0.0,0.0
2022-05-18 15:00:00+00:00,,,,True,False,,,,True,False,0.0,0.0,0.0,0.0
2022-05-18 16:00:00+00:00,,,,True,False,,,,True,False,0.0,0.0,0.0,0.0
2022-05-18 17:00:00+00:00,,,,True,False,,,,True,False,0.0,0.0,0.0,0.0
2022-05-18 18:00:00+00:00,,,,True,False,,,,True,False,0.0,0.0,0.0,0.0
2022-05-18 19:00:00+00:00,,,,True,False,,,,True,False,0.0,0.0,0.0,0.0
2022-05-18 20:00:00+00:00,,,,True,False,,,,True,False,0.0,0.0,0.0,0.0
2022-05-18 21:00:00+00:00,,,,True,False,,,,True,False,0.0,0.0,0.0,0.0
2022-05-18 22:00:00+00:00,,,,True,False,,,,True,False,0.0,0.0,0.0,0.0
2022-05-18 23:00:00+00:00,,,,True,False,,,,True,False,0.0,0.0,0.0,0.0
2022-05-19 00:00:00+00:00,,,,True,False,,,,True,False,0.0,0.0,0.0,0.0
2022-05-19 01:00:00+00:00,,,,True,False,,,,True,False,0.0,0.0,0.0,0.0
2022-05-19 02:00:00+00:00,,,,True,False,,,,True,False,0.0,0.0,0.0,0.0
2022-05-19 03:00:00+00:00,,,,True,False,,,,True,False,0.0,0.0,0.0,0.0
2022-05-19 04:00:00+00:00,,,,True,False,,,,True,False,0.0,0.0,0.0,0.0
2022-05-19 05:00:00+00:00,,,,True,False,,,,True,False,0.0,0.0,0.0,0.0
2022-05-19 06:00:00+00:00,,,,True,False,,,,True,False,0.0,0.0,0.0,0.0
2022-05-19 07:00:00+00:00,,,,True,False,,,,True,False,0.0,0.0,0.0,0.0
2022-05-19 08:00:00+00:00,,,,True,False,,,,True,False,0.0,0.0,0.0,0.0
2022-05-19 09:00:00+00:00,,,,True,False,,,,True,False,0.0,0.0,0.0,0.0
2022-05-19 10:00:00+00:00,,,,True,False,,,,True,False,0.0,0.0,0.0,0.0
2022-05-19 11:00:00+00:00,,,,True,False,,,,True,False,0.0,0.0,0.0,0.0
2022-05-19 12:00:00+00:00,,,,True,False,,,,True,False,0.0,0.0,0.0,0.0
2022-05-19 13:00:00+00:00,,,,True,False,,,,True,False,0.0,0.0,0.0,0.0
2022-05-19 14:00:00+00:00,,,,True,False,,,,True,False,0.0,0.0,0.0,0.0
2022-05-19 15:00:00+00:00,,,,True,False,,,,True,False,0.0,0.0,0.0,0.0
2022-05-19 16:00:00+00:00,,,,True,False,,,,True,False,0.0,0.0,0.0,0.0
2022-05-19 17:00:00+00:00,,,,True,False,,,,True,False,0.0,0.0,0.0,0.0
2022-05-19 18:00:00+00:00,,,,True,False,,,,True,False,0.0,0.0,0.0,0.0
2022-05-19 19:00:00+00:00,,,,True,False,,,,True,False,0.0,0.0,0.0,0.0
2022-05-19 20:00:00+00:00,,,,True,False,,,,True,False,0.0,0.0,0.0,0.0
2022-05-19 21:00:00+00:00,,,,True,False,,,,True,False,0.0,0.0,0.0,0.0
2022-05-19 22:00:00+00:00,,,,True,False,,,,True,False,0.0,0.0,0.0,0.0
2022-05-19 23:00:00+00:00,,,,True,False,,,,True,False,0.0,0.0,0.0,0.0
2022-05-20 00:00:00+00:00,,,,True,False,,,,True,False,0.0,0.0,0.0,0.0
2022-05-20 01:00:00+00:00,,,,True,False,,,,True,False,0.0,0.0,0.0,0.0
2022-05-20 02:00:00+00:00,,,,True,False,,,,True,False,0.0,0.0,0.0,0.0
2022-05-20 03:00:00+00:00,,,,True,False,,,,True,False,0.0,0.0,0.0,0.0
2022-05-20 04:00:00+00:00,,,,True,False,,,,True,False,0.0,0.0,0.0,0.0
2022-05-20 05:00:00+00:00,,,,True,False,,,,True,False,0.0,0.0,0.0,0.0
2022-05-20 06:00:00+00:00,,,,True,False,,,,True,False,0.0,0.0,0.0,0.0
2022-05-20 07:00:00+00:00,,,,True,False,,,,True,False,0.0,0.0,0.0,0.0
2022-05-20 08:00:00+00:00,,,,True,False,,,,True,False,0.0,0.0,0.0,0.0
2022-05-20 09:00:00+00:00,,,,True,False,,,,True,False,0.0,0.0,0.0,0.0
2022-05-20 10:00:00+00:00,,,,True,False,,,,True,False,0.0,0.0,0.0,0.0
2022-05-20 11:00:00+00:00,,,,True,False,,,,True,False,0.0,0.0,0.0,0.0
2022-05-20 12:00:00+00:00,,,,True,False,,,,True,False,0.0,0.0,0.0,0.0
2022-05-20 13:00:00+00:00,,,,True,False,,,,True,False,0.0,0.0,0.0,0.0
2022-05-20 14:00:00+00:00,,,,True,False,,,,True,False,0.0,0.0,0.0,0.0
2022-05-20 15:00:00+00:00,,,,True,False,,,,True,False,0.0,0.0,0.0,0.0
2022-05-20 16:00:00+00:00,,,,True,False,,,,True,False,0.0,0.0,0.0,0.0
2022-05-20 17:00:00+00:00,,,,True,False,,,,True,False,0.0,0.0,0.0,0.0
2022-05-20 18:00:00+00:00,,,,True,False,,,,True,False,0.0,0.0,0.0,0.0
2022-05-20 19:00:00+00:00,,,,True,False,,,,True,False,0.0,0.0,0.0,0.0
2022-05-20 20:00:00+00:00,,,,True,False,,,,True,False,0.0,0.0,0.0,0.0
2022-05-20 21:00:00+00:00,,,,True,False,,,,True,False,0.0,0.0,0.0,0.0
2022-05-20 22:00:00+00:00,,,,True,False,,,,True,False,0.0,0.0,0.0,0.0
2022-05-20 23:00:00+00:00,,,,True,False,,,,True,False,0.0,0.0,0.0,0.0
2022-05-21 00:00:00+00:00,,,,True,False,,,,True,False,0.0,0.0,0.0,0.0
2022-05-21 01:00:00+00:00,,,,True,False,,,,True,False,0.0,0.0,0.0,0.0
2022-05-21 02:00:00+00:00,,,,True,False,,,,True,False,0.0,0.0,0.0,0.0
2022-05-21 03:00:00+00:00,,,,True,False,,,,True,False,0.0,0.0,0.0,0.0
2022-05-21 04:00:00+00:00,,,,True,False,,,,True,False,0.0,0.0,0.0,0.0
2022-05-21 05:00:00+00:00,,,,True,False,,,,True,False,0.0,0.0,0.0,0.0
2022-05-21 06:00:00+00:00,,,,True,False,,,,True,False,0.0,0.0,0.0,0.0
2022-05-21 07:00:00+00:00,,,,True,False,,,,True,False,0.0,0.0,0.0,0.0
2022-05-21 08:00:00+00:00,,,,True,False,,,,True,False,0.0,0.0,0.0,0.0
2022-05-21 09:00:00+00:00,,,,True,False,,,,True,False,0.0,0.0,0.0,0.0
2022-05-21 10:00:00+00:00,,,,True,False,,,,True,False,0.0,0.0,0.0,0.0
2022-05-21 11:00:00+00:00,,,,True,False,,,,True,False,0.0,0.0,0.0,0.0
2022-05-21 12:00:00+00:00,,,,True,False,,,,True,False,0.0,0.0,0.0,0.0
2022-05-21 13:00:00+00:00,,,,True,False,,,,True,False,0.0,0.0,0.0,0.0
2022-05-21 14:00:00+00:00,,,,True,False,,,,True,False,0.0,0.0,0.0,0.0
2022-05-21 15:00:00+00:00,,,,True,False,,,,True,False,0.0,0.0,0.0,0.0
2022-05-21 16:00:00+00:00,,,,True,False,,,,True,False,0.0,0.0,0.0,0.0
2022-05-21 17:00:00+00:00,,,,True,False,,,,True,False,0.0,0.0,0.0,0.0
2022-05-21 18:00:00+00:00,,,,True,False,,,,True,False,0.0,0.0,0.0,0.0
2022-05-21 19:00:00+00:00,,,,True,False,,,,True,False,0.0,0.0,0.0,0.0
2022-05-21 20:00:00+00:00,,,,True,False,,,,True,False,0.0,0.0,0.0,0.0
2022-05-21 21:00:00+00:00,,,,True,False,,,,True,False,0.0,0.0,0.0,0.0
2022-05-21 22:00:00+00:00,,,,True,False,,,,True,False,0.0,0.0,0.0,0.0
2022-05-21 23:00:00+00:00,,,,True,False,,,,True,False,0.0,0.0,0.0,0.0
2022-05-22 00:00:00+00:00,,,,True,False,,,,True,False,0.0,0.0,0.0,0.0
2022-05-22 01:00:00+00:00,,,,True,False,,,,True,False,0.0,0.0,0.0,0.0
2022-05-22 02:00:00+00:00,,,,True,False,,,,True,False,0.0,0.0,0.0,0.0
2022-05-22 03:00:00+00:00,,,,True,False,,,,True,False,0.0,0.0,0.0,0.0
2022-05-22 04:00:00+00:00,,,,True,False,,,,True,False,0.0,0.0,0.0,0.0
2022-05-22 05:00:00+00:00,,,,True,False,,,,True,False,0.0,0.0,0.0,0.0
2022-05-22 06:00:00+00:00,,,,True,False,,,,True,False,0.0,0.0,0.0,0.0
2022-05-22 07:00:00+00:00,,,,True,False,,,,True,False,0.0,0.0,0.0,0.0
2022-05-22 08:00:00+00:00,,,,True,False,,,,True,False,0.0,0.0,0.0,0.0
2022-05-22 09:00:00+00:00,,,,True,False,,,,True,False,0.0,0.0,0.0,0.0
2022-05-22 10:00:00+00:00,,,,True,False,,,,True,False,0.0,0.0,0.0,0.0
2022-05-22 11:00:00+00:00,,,,True,False,,,,True,False,0.0,0.0,0.0,0.0
2022-05-22 12:00:00+00:00,,,,True,False,,,,True,False,0.0,0.0,0.0,0.0
2022-05-22 13:00:00+00:00,,,,True,False,,,,True,False,0.0,0.0,0.0,0.0
2022-05-22 14:00:00+00:00,,,,True,False,,,,True,False,0.0,0.0,0.0,0.0
2022-05-22 15:00:00+00:00,,,,True,False,,,,True,False,0.0,0.0,0.0,0.0
2022-05-22 16:00:00+00:00,,,,True,False,,,,True,False,0.0,0.0,0.0,0.0
2022-05-22 17:00:00+00:00,,,,True,False,,,,True,False,0.0,0.0,0.0,0.0
2022-05-22 18:00:00+00:00,,,,True,False,,,,True,False,0.0,0.0,0.0,0.0
2022-05-22 19:00:00+00:00,,,,True,False,,,,True,False,0.0,0.0,0.0,0.0
2022-05-22 20:00:00+00:00,,,,True,False,,,,True,False,0.0,0.0,0.0,0.0
2022-05-22 21:00:00+00:00,,,,True,False,,,,True,False,0.0,0.0,0.0,0.0
2022-05-22 22:00:00+00:00,,,,True,False,,,,True,False,0.0,0.0,0.0,0.0
2022-05-22 23:00:00+00:00,,,,True,False,,,,True,False,0.0,0.0,0.0,0.0
2022-05-23 00:00:00+00:00,,,,True,False,,,,True,False,0.0,0.0,0.0,0.0
2022-05-23 01:00:00+00:00,,,,True,False,,,,True,False,0.0,0.0,0.0,0.0
2022-05-23 02:00:00+00:00,,,,True,False,,,,True,False,0.0,0.0,0.0,0.0
2022-05-23 03:00:00+00:00,,,,True,False,,,,True,False,0.0,0.0,0.0,0.0
2022-05-23 04:00:00+00:00,,,,True,False,,,,True,False,0.0,0.0,0.0,0.0
2022-05-23 05:00:00+00:00,,,,True,False,,,,True,False,0.0,0.0,0.0,0.0
2022-05-23 06:00:00+00:00,,,,True,False,,,,True,False,0.0,0.0,0.0,0.0
2022-05-23 07:00:00+00:00,,,,True,False,,,,True,False,0.0,0.0,0.0,0.0
2022-05-23 08:00:00+00:00,,,,True,False,,,,True,False,0.0,0.0,0.0,0.0
2022-05-23 09:00:00+00:00,,,,True,False,,,,True,False,0.0,0.0,0.0,0.0
2022-05-23 10:00:00+00:00,,,,True,False,,,,True,False,0.0,0.0,0.0,0.0
2022-05-23 11:00:00+00:00,,,,True,False,,,,True,False,0.0,0.0,0.0,0.0
2022-05-23 12:00:00+00:00,,,,True,False,,,,True,False,0.0,0.0,0.0,0.0
2022-05-23 13:00:00+00:00,,,,True,False,,,,True,False,0.0,0.0,0.0,0.0
2022-05-23 14:00:00+00:00,,,,True,False,,,,True,False,0.0,0.0,0.0,0.0
2022-05-23 15:00:00+00:00,,,,True,False,,,,True,False,0.0,0.0,0.0,0.0
2022-05-23 16:00:00+00:00,,,,True,False,,,,True,False,0.0,0.0,0.0,0.0
2022-05-23 17:00:00+00:00,,,,True,False,,,,True,False,0.0,0.0,0.0,0.0
2022-05-23 18:00:00+00:00,,,,True,False,,,,True,False,0.0,0.0,0.0,0.0
2022-05-23 19:00:00+00:00,,,,True,False,,,,True,False,0.0,0.0,0.0,0.0
2022-05-23 20:00:00+00:00,,,,True,False,,,,True,False,0.0,0.0,0.0,0.0
2022-05-23 21:00:00+00:00,,,,True,False,,,,True,False,0.0,0.0,0.0,0.0
2022-05-23 22:00:00+00:00,,,,True,False,,,,True,False,0.0,0.0,0.0,0.0
2022-05-23 23:00:00+00:00,,,,True,False,,,,True,False,0.0,0.0,0.0,0.0
2022-05-24 00:00:00+00:00,,,,True,False,,,,True,False,0.0,0.0,0.0,0.0
2022-05-24 01:00:00+00:00,,,,True,False,,,,True,False,0.0,0.0,0.0,0.0
2022-05-24 02:00:00+00:00,,,,True,False,,,,True,False,0.0,0.0,0.0,0.0
2022-05-24 03:00:00+00:00,,,,True,False,,,,True,False,0.0,0.0,0.0,0.0
2022-05-24 04:00:00+00:00,,,,True,False,,,,True,False,0.0,0.0,0.0,0.0
2022-05-24 05:00:00+00:00,,,,True,False,,,,True,False,0.0,0.0,0.0,0.0
2022-05-24 06:00:00+00:00,,,,True,False,,,,True,False,0.0,0.0,0.0,0.0
2022-05-24 07:00:00+00:00,,,,True,False,,,,True,False,0.0,0.0,0.0,0.0
2022-05-24 08:00:00+00:00,,,,True,False,,,,True,False,0.0,0.0,0.0,0.0
2022-05-24 09:00:00+00:00,,,,True,False,,,,True,False,0.0,0.0,0.0,0.0
2022-05-24 10:00:00+00:00,,,,True,False,,,,True,False,0.0,0.0,0.0,0.0
2022-05-24 11:00:00+00:00,,,,True,False,,,,True,False,0.0,0.0,0.0,0.0
2022-05-24 12:00:00+00:00,,,,True,False,,,,True,False,0.0,0.0,0.0,0.0
2022-05-24 13:00:00+00:00,,,,True,False,,,,True,False,0.0,0.0,0.0,0.0
2022-05-24 14:00:00+00:00,,,,True,False,,,,True,False,0.0,0.0,0.0,0.0
2022-05-24 15:00:00+00:00,,,,True,False,,,,True,False,0.0,0.0,0.0,0.0
2022-05-24 16:00:00+00:00,,,,True,False,,,,True,False,0.0,0.0,0.0,0.0
2022-05-24 17:00:00+00:00,,,,True,False,,,,True,False,0.0,0.0,0.0,0.0
2022-05-24 18:00:00+00:00,,,,True,False,,,,True,False,0.0,0.0,0.0,0.0
2022-05-24 19:00:00+00:00,,,,True,False,,,,True,False,0.0,0.0,0.0,0.0
2022-05-24 20:00:00+00:00,,,,True,False,,,,True,False,0.0,0.0,0.0,0.0
2022-05-24 21:00:00+00:00,,,,True,False,,,,True,False,0.0,0.0,0.0,0.0
2022-05-24 22:00:00+00:00,,,,True,False,,,,True,False,0.0,0.0,0.0,0.0
2022-05-24 23:00:00+00:00,,,,True,False,,,,True,False,0.0,0.0,0.0,0.0
2022-05-25 00:00:00+00:00,,,,True,False,,,,True,False,0.0,0.0,0.0,0.0
2022-05-25 01:00:00+00:00,,,,True,False,,,,True,False,0.0,0.0,0.0,0.0
2022-05-25 02:00:00+00:00,,,,True,False,,,,True,False,0.0,0.0,0.0,0.0
2022-05-25 03:00:00+00:00,,,,True,False,,,,True,False,0.0,0.0,0.0,0.0
2022-05-25 04:00:00+00:00,,,,True,False,,,,True,False,0.0,0.0,0.0,0.0
2022-05-25 05:00:00+00:00,,,,True,False,,,,True,False,0.0,0.0,0.0,0.0
2022-05-25 06:00:00+00:00,,,,True,False,,,,True,False,0.0,0.0,0.0,0.0
2022-05-25 07:00:00+00:00,,,,True,False,,,,True,False,0.0,0.0,0.0,0.0
2022-05-25 08:00:00+00:00,,,,True,False,,,,True,False,0.0,0.0,0.0,0.0
2022-05-25 09:00:00+00:00,,,,True,False,,,,True,False,0.0,0.0,0.0,0.0
2022-05-25 10:00:00+00:00,,,,True,False,,,,True,False,0.0,0.0,0.0,0.0
2022-05-25 11:00:00+00:00,,,,True,False,,,,True,False,0.0,0.0,0.0,0.0
2022-05-25 12:00:00+00:00,,,,True,False,,,,True,False,0.0,0.0,0.0,0.0
2022-05-25 13:00:00+00:00,,,,True,False,,,,True,False,0.0,0.0,0.0,0.0
2022-05-25 14:00:00+00:00,,,,True,False,,,,True,False,0.0,0.0,0.0,0.0
2022-05-25 15:00:00+00:00,,,,True,False,,,,True,False,0.0,0.0,0.0,0.0
2022-05-25 16:00:00+00:00,,,,True,False,,,,True,False,0.0,0.0,0.0,0.0
2022-05-25 17:00:00+00:00,,,,True,False,,,,True,False,0.0,0.0,0.0,0.0
2022-05-25 18:00:00+00:00,,,,True,False,,,,True,False,0.0,0.0,0.0,0.0
2022-05-25 19:00:00+00:00,,,,True,False,,,,True,False,0.0,0.0,0.0,0.0
2022-05-25 20:00:00+00:00,,,,True,False,,,,True,False,0.0,0.0,0.0,0.0
2022-05-25 21:00:00+00:00,,,,True,False,,,,True,False,0.0,0.0,0.0,0.0
2022-05-25 22:00:00+00:00,,,,True,False,,,,True,False,0.0,0.0,0.0,0.0
2022-05-25 23:00:00+00:00,,,,True,False,,,,True,False,0.0,0.0,0.0,0.0
2022-05-26 00:00:00+00:00,,,,True,False,,,,True,False,0.0,0.0,0.0,0.0
2022-05-26 01:00:00+00:00,,,,True,False,,,,True,False,0.0,0.0,0.0,0.0
2022-05-26 02:00:00+00:00,,,,True,False,,,,True,False,0.0,0.0,0.0,0.0
2022-05-26 03:00:00+00:00,,,,True,False,,,,True,False,0.0,0.0,0.0,0.0
2022-05-26 04:00:00+00:00,,,,True,False,,,,True,False,0.0,0.0,0.0,0.0
2022-05-26 05:00:00+00:00,,,,True,False,,,,True,False,0.0,0.0,0.0,0.0
2022-05-26 06:00:00+00:00,,,,True,False,,,,True,False,0.0,0.0,0.0,0.0
2022-05-26 07:00:00+00:00,,,,True,False,,,,True,False,0.0,0.0,0.0,0.0
2022-05-26 08:00:00+00:00,,,,True,False,,,,True,False,0.0,0.0,0.0,0.0
2022-05-26 09:00:00+00:00,,,,True,False,,,,True,False,0.0,0.0,0.0,0.0
2022-05-26 10:00:00+00:00,,,,True,False,,,,True,False,0.0,0.0,0.0,0.0
2022-05-26 11:00:00+00:00,,,,True,False,,,,True,False,0.0,0.0,0.0,0.0
2022-05-26 12:00:00+00:00,,,,True,False,,,,True,False,0.0,0.0,0.0,0.0
2022-05-26 13:00:00+00:00,,,,True,False,,,,True,False,0.0,0.0,0.0,0.0
2022-05-26 14:00:00+00:00,,,,True,False,,,,True,False,0.0,0.0,0.0,0.0
2022-05-26 15:00:00+00:00,,,,True,False,,,,True,False,0.0,0.0,0.0,0.0
2022-05-26 16:00:00+00:00,,,,True,False,,,,True,False,0.0,0.0,0.0,0.0
2022-05-26 17:00:00+00:00,,,,True,False,,,,True,False,0.0,0.0,0.0,0.0
2022-05-26 18:00:00+00:00,,,,True,False,,,,True,False,0.0,0.0,0.0,0.0
2022-05-26 19:00:00+00:00,,,,True,False,,,,True,False,0.0,0.0,0.0,0.0
2022-05-26 20:00:00+00:00,,,,True,False,,,,True,False,0.0,0.0,0.0,0.0
2022-05-26 21:00:00+00:00,,,,True,False,,,,True,False,0.0,0.0,0.0,0.0
2022-05-26 22:00:00+00:00,,,,True,False,,,,True,False,0.0,0.0,0.0,0.0
2022-05-26 23:00:00+00:00,,,,True,False,,,,True,False,0.0,0.0,0.0,0.0
2022-05-27 00:00:00+00:00,,,,True,False,,,,True,False,0.0,0.0,0.0,0.0
2022-05-27 01:00:00+00:00,,,,True,False,,,,True,False,0.0,0.0,0.0,0.0
2022-05-27 02:00:00+00:00,,,,True,False,,,,True,False,0.0,0.0,0.0,0.0
2022-05-27 03:00:00+00:00,,,,True,False,,,,True,False,0.0,0.0,0.0,0.0
2022-05-27 04:00:00+00:00,,,,True,False,,,,True,False,0.0,0.0,0.0,0.0
2022-05-27 05:00:00+00:00,,,,True,False,,,,True,False,0.0,0.0,0.0,0.0
2022-05-27 06:00:00+00:00,,,,True,False,,,,True,False,0.0,0.0,0.0,0.0
2022-05-27 07:00:00+00:00,,,,True,False,,,,True,False,0.0,0.0,0.0,0.0
2022-05-27 08:00:00+00:00,,,,True,False,,,,True,False,0.0,0.0,0.0,0.0
2022-05-27 09:00:00+00:00,,,,True,False,,,,True,False,0.0,0.0,0.0,0.0
2022-05-27 10:00:00+00:00,,,,True,False,,,,True,False,0.0,0.0,0.0,0.0
2022-05-27 11:00:00+00:00,,,,True,False,,,,True,False,0.0,0.0,0.0,0.0
2022-05-27 12:00:00+00:00,,,,True,False,,,,True,False,0.0,0.0,0.0,0.0
2022-05-27 13:00:00+00:00,,,,True,False,,,,True,False,0.0,0.0,0.0,0.0
2022-05-27 14:00:00+00:00,,,,True,False,,,,True,False,0.0,0.0,0.0,0.0
2022-05-27 15:00:00+00:00,,,,True,False,,,,True,False,0.0,0.0,0.0,0.0
2022-05-27 16:00:00+00:00,,,,True,False,,,,True,False,0.0,0.0,0.0,0.0
2022-05-27 17:00:00+00:00,,,,True,False,,,,True,False,0.0,0.0,0.0,0.0
2022-05-27 18:00:00+00:00,,,,True,False,,,,True,False,0.0,0.0,0.0,0.0
2022-05-27 19:00:00+00:00,,,,True,False,,,,True,False,0.0,0.0,0.0,0.0
2022-05-27 20:00:00+00:00,,,,True,False,,,,True,False,0.0,0.0,0.0,0.0
2022-05-27 21:00:00+00:00,,,,True,False,,,,True,False,0.0,0.0,0.0,0.0
2022-05-27 22:00:00+00:00,,,,True,False,,,,True,False,0.0,0.0,0.0,0.0
2022-05-27 23:00:00+00:00,,,,True,False,,,,True,False,0.0,0.0,0.0,0.0
2022-05-28 00:00:00+00:00,,,,True,False,,,,True,False,0.0,0.0,0.0,0.0
2022-05-28 01:00:00+00:00,,,,True,False,,,,True,False,0.0,0.0,0.0,0.0
2022-05-28 02:00:00+00:00,,,,True,False,,,,True,False,0.0,0.0,0.0,0.0
2022-05-28 03:00:00+00:00,,,,True,False,,,,True,False,0.0,0.0,0.0,0.0
2022-05-28 04:00:00+00:00,,,,True,False,,,,True,False,0.0,0.0,0.0,0.0
2022-05-28 05:00:00+00:00,,,,True,False,,,,True,False,0.0,0.0,0.0,0.0
2022-05-28 06:00:00+00:00,,,,True,False,,,,True,False,0.0,0.0,0.0,0.0
2022-05-28 07:00:00+00:00,,,,True,False,,,,True,False,0.0,0.0,0.0,0.0
2022-05-28 08:00:00+00:00,,,,True,False,,,,True,False,0.0,0.0,0.0,0.0
2022-05-28 09:00:00+00:00,,,,True,False,,,,True,False,0.0,0.0,0.0,0.0
2022-05-28 10:00:00+00:00,,,,True,False,,,,True,False,0.0,0.0,0.0,0.0
2022-05-28 11:00:00+00:00,,,,True,False,,,,True,False,0.0,0.0,0.0,0.0
2022-05-28 12:00:00+00:00,,,,True,False,,,,True,False,0.0,0.0,0.0,0.0
2022-05-28 13:00:00+00:00,,,,True,False,,,,True,False,0.0,0.0,0.0,0.0
2022-05-28 14:00:00+00:00,,,,True,False,,,,True,False,0.0,0.0,0.0,0.0
2022-05-28 15:00:00+00:00,,,,True,False,,,,True,False,0.0,0.0,0.0,0.0
2022-05-28 16:00:00+00:00,,,,True,False,,,,True,False,0.0,0.0,0.0,0.0
2022-05-28 17:00:00+00:00,,,,True,False,,,,True,False,0.0,0.0,0.0,0.0
2022-05-28 18:00:00+00:00,,,,True,False,,,,True,False,0.0,0.0,0.0,0.0
2022-05-28 19:00:00+00:00,,,,True,False,,,,True,False,0.0,0.0,0.0,0.0
2022-05-28 20:00:00+00:00,,,,True,False,,,,True,False,0.0,0.0,0.0,0.0
2022-05-28 21:00:00+00:00,,,,True,False,,,,True,False,0.0,0.0,0.0,0.0
2022-05-28 22:00:00+00:00,,,,True,False,,,,True,False,0.0,0.0,0.0,0.0
2022-05-28 23:00:00+00:00,,,,True,False,,,,True,False,0.0,0.0,0.0,0.0
2022-05-29 00:00:00+00:00,,,,True,False,,,,True,False,0.0,0.0,0.0,0.0
2022-05-29 01:00:00+00:00,,,,True,False,,,,True,False,0.0,0.0,0.0,0.0
2022-05-29 02:00:00+00:00,,,,True,False,,,,True,False,0.0,0.0,0.0,0.0
2022-05-29 03:00:00+00:00,,,,True,False,,,,True,False,0.0,0.0,0.0,0.0
2022-05-29 04:00:00+00:00,,,,True,False,,,,True,False,0.0,0.0,0.0,0.0
2022-05-29 05:00:00+00:00,,,,True,False,,,,True,False,0.0,0.0,0.0,0.0
2022-05-29 06:00:00+00:00,,,,True,False,,,,True,False,0.0,0.0,0.0,0.0
2022-05-29 07:00:00+00:00,,,,True,False,,,,True,False,0.0,0.0,0.0,0.0
2022-05-29 08:00:00+00:00,,,,True,False,,,,True,False,0.0,0.0,0.0,0.0
2022-05-29 09:00:00+00:00,,,,True,False,,,,True,False,0.0,0.0,0.0,0.0
2022-05-29 10:00:00+00:00,,,,True,False,,,,True,False,0.0,0.0,0.0,0.0
2022-05-29 11:00:00+00:00,,,,True,False,,,,True,False,0.0,0.0,0.0,0.0
2022-05-29 12:00:00+00:00,,,,True,False,,,,True,False,0.0,0.0,0.0,0.0
2022-05-29 13:00:00+00:00,,,,True,False,,,,True,False,0.0,0.0,0.0,0.0
2022-05-29 14:00:00+00:00,,,,True,False,,,,True,False,0.0,0.0,0.0,0.0
2022-05-29 15:00:00+00:00,,,,True,False,,,,True,False,0.0,0.0,0.0,0.0
2022-05-29 16:00:00+00:00,,,,True,False,,,,True,False,0.0,0.0,0.0,0.0
2022-05-29 17:00:00+00:00,,,,True,False,,,,True,False,0.0,0.0,0.0,0.0
2022-05-29 18:00:00+00:00,,,,True,False,,,,True,False,0.0,0.0,0.0,0.0
2022-05-29 19:00:00+00:00,,,,True,False,,,,True,False,0.0,0.0,0.0,0.0
2022-05-29 20:00:00+00:00,,,,True,False,,,,True,False,0.0,0.0,0.0,0.0
2022-05-29 21:00:00+00:00,,,,True,False,,,,True,False,0.0,0.0,0.0,0.0
2022-05-29 22:00:00+00:00,,,,True,False,,,,True,False,0.0,0.0,0.0,0.0
2022-05-29 23:00:00+00:00,,,,True,False,,,,True,False,0.0,0.0,0.0,0.0
2022-05-30 00:00:00+00:00,,,,True,False,,,,True,False,0.0,0.0,0.0,0.0
2022-05-30 01:00:00+00:00,,,,True,False,,,,True,False,0.0,0.0,0.0,0.0
2022-05-30 02:00:00+00:00,,,,True,False,,,,True,False,0.0,0.0,0.0,0.0
2022-05-30 03:00:00+00:00,,,,True,False,,,,True,False,0.0,0.0,0.0,0.0
2022-05-30 04:00:00+00:00,,,,True,False,,,,True,False,0.0,0.0,0.0,0.0
2022-05-30 05:00:00+00:00,,,,True,False,,,,True,False,0.0,0.0,0.0,0.0
2022-05-30 06:00:00+00:00,,,,True,False,,,,True,False,0.0,0.0,0.0,0.0
2022-05-30 07:00:00+00:00,,,,True,False,,,,True,False,0.0,0.0,0.0,0.0
2022-05-30 08:00:00+00:00,,,,True,False,,,,True,False,0.0,0.0,0.0,0.0
2022-05-30 09:00:00+00:00,,,,True,False,,,,True,False,0.0,0.0,0.0,0.0
2022-05-30 10:00:00+00:00,,,,True,False,,,,True,False,0.0,0.0,0.0,0.0
2022-05-30 11:00:00+00:00,,,,True,False,,,,True,False,0.0,0.0,0.0,0.0
2022-05-30 12:00:00+00:00,,,,True,False,,,,True,False,0.0,0.0,0.0,0.0
2022-05-30 13:00:00+00:00,,,,True,False,,,,True,False,0.0,0.0,0.0,0.0
2022-05-30 14:00:00+00:00,,,,True,False,,,,True,False,0.0,0.0,0.0,0.0
2022-05-30 15:00:00+00:00,,,,True,False,,,,True,False,0.0,0.0,0.0,0.0
2022-05-30 16:00:00+00:00,,,,True,False,,,,True,False,0.0,0.0,0.0,0.0
2022-05-30 17:00:00+00:00,,,,True,False,,,,True,False,0.0,0.0,0.0,0.0
2022-05-30 18:00:00+00:00,,,,True,False,,,,True,False,0.0,0.0,0.0,0.0
2022-05-30 19:00:00+00:00,,,,True,False,,,,True,False,0.0,0.0,0.0,0.0
2022-05-30 20:00:00+00:00,,,,True,False,,,,True,False,0.0,0.0,0.0,0.0
2022-05-30 21:00:00+00:00,,,,True,False,,,,True,False,0.0,0.0,0.0,0.0
2022-05-30 22:00:00+00:00,,,,True,False,,,,True,False,0.0,0.0,0.0,0.0
2022-05-30 23:00:00+00:00,,,,True,False,,,,True,False,0.0,0.0,0.0,0.0
2022-05-31 00:00:00+00:00,,,,True,False,,,,True,False,0.0,0.0,0.0,0.0
2022-05-31 01:00:00+00:00,,,,True,False,,,,True,False,0.0,0.0,0.0,0.0
2022-05-31 02:00:00+00:00,,,,True,False,,,,True,False,0.0,0.0,0.0,0.0
2022-05-31 03:00:00+00:00,,,,True,False,,,,True,False,0.0,0.0,0.0,0.0
2022-05-31 04:00:00+00:00,,,,True,False,,,,True,False,0.0,0.0,0.0,0.0
2022-05-31 05:00:00+00:00,,,,True,False,,,,True,False,0.0,0.0,0.0,0.0
2022-05-31 06:00:00+00:00,,,,True,False,,,,True,False,0.0,0.0,0.0,0.0
2022-05-31 07:00:00+00:00,,,,True,False,,,,True,False,0.0,0.0,0.0,0.0
2022-05-31 08:00:00+00:00,,,,True,False,,,,True,False,0.0,0.0,0.0,0.0
2022-05-31 09:00:00+00:00,,,,True,False,,,,True,False,0.0,0.0,0.0,0.0
2022-05-31 10:00:00+00:00,,,,True,False,,,,True,False,0.0,0.0,0.0,0.0
2022-05-31 11:00:00+00:00,,,,True,False,,,,True,False,0.0,0.0,0.0,0.0
2022-05-31 12:00:00+00:00,,,,True,False,,,,True,False,0.0,0.0,0.0,0.0
2022-05-31 13:00:00+00:00,,,,True,False,,,,True,False,0.0,0.0,0.0,0.0
2022-05-31 14:00:00+00:00,,,,True,False,,,,True,False,0.0,0.0,0.0,0.0
2022-05-31 15:00:00+00:00,,,,True,False,,,,True,False,0.0,0.0,0.0,0.0
2022-05-31 16:00:00+00:00,,,,True,False,,,,True,False,0.0,0.0,0.0,0.0
2022-05-31 17:00:00+00:00,,,,True,False,,,,True,False,0.0,0.0,0.0,0.0
2022-05-31 18:00:00+00:00,,,,True,False,,,,True,False,0.0,0.0,0.0,0.0
2022-05-31 19:00:00+00:00,,,,True,False,,,,True,False,0.0,0.0,0.0,0.0
2022-05-31 20:00:00+00:00,,,,True,False,,,,True,False,0.0,0.0,0.0,0.0
2022-05-31 21:00:00+00:00,,,,True,False,,,,True,False,0.0,0.0,0.0,0.0
2022-05-31 22:00:00+00:00,,,,True,False,,,,True,False,0.0,0.0,0.0,0.0
2022-05-31 23:00:00+00:00,,,,True,False,,,,True,False,0.0,0.0,0.0,0.0
2022-06-01 00:00:00+00:00,,,,True,False,,,,True,False,0.0,0.0,0.0,0.0
2022-06-01 01:00:00+00:00,,,,True,False,,,,True,False,0.0,0.0,0.0,0.0
2022-06-01 02:00:00+00:00,,,,True,False,,,,True,False,0.0,0.0,0.0,0.0
2022-06-01 03:00:00+00:00,,,,True,False,,,,True,False,0.0,0.0,0.0,0.0
2022-06-01 04:00:00+00:00,,,,True,False,,,,True,False,0.0,0.0,0.0,0.0
2022-06-01 05:00:00+00:00,,,,True,False,,,,True,False,0.0,0.0,0.0,0.0
2022-06-01 06:00:00+00:00,,,,True,False,,,,True,False,0.0,0.0,0.0,0.0
2022-06-01 07:00:00+00:00,,,,True,False,,,,True,False,0.0,0.0,0.0,0.0
2022-06-01 08:00:00+00:00,,,,True,False,,,,True,False,0.0,0.0,0.0,0.0
2022-06-01 09:00:00+00:00,,,,True,False,,,,True,False,0.0,0.0,0.0,0.0
2022-06-01 10:00:00+00:00,,,,True,False,,,,True,False,0.0,0.0,0.0,0.0
2022-06-01 11:00:00+00:00,,,,True,False,,,,True,False,0.0,0.0,0.0,0.0
2022-06-01 12:00:00+00:00,,,,True,False,,,,True,False,0.0,0.0,0.0,0.0
2022-06-01 13:00:00+00:00,,,,True,False,,,,True,False,0.0,0.0,0.0,0.0
2022-06-01 14:00:00+00:00,,,,True,False,,,,True,False,0.0,0.0,0.0,0.0
2022-06-01 15:00:00+00:00,,,,True,False,,,,True,False,0.0,0.0,0.0,0.0
2022-06-01 16:00:00+00:00,,,,True,False,,,,True,False,0.0,0.0,0.0,0.0
2022-06-01 17:00:00+00:00,,,,True,False,,,,True,False,0.0,0.0,0.0,0.0
2022-06-01 18:00:00+00:00,,,,True,False,,,,True,False,0.0,0.0,0.0,0.0
2022-06-01 19:00:00+00:00,,,,True,False,,,,True,False,0.0,0.0,0.0,0.0
2022-06-01 20:00:00+00:00,,,,True,False,,,,True,False,0.0,0.0,0.0,0.0
2022-06-01 21:00:00+00:00,,,,True,False,,,,True,False,0.0,0.0,0.0,0.0
2022-06-01 22:00:00+00:00,,,,True,False,,,,True,False,0.0,0.0,0.0,0.0
2022-06-01 23:00:00+00:00,,,,True,False,,,,True,False,0.0,0.0,0.0,0.0
2022-06-02 00:00:00+00:00,,,,True,False,,,,True,False,0.0,0.0,0.0,0.0
2022-06-02 01:00:00+00:00,,,,True,False,,,,True,False,0.0,0.0,0.0,0.0
2022-06-02 02:00:00+00:00,,,,True,False,,,,True,False,0.0,0.0,0.0,0.0
2022-06-02 03:00:00+00:00,,,,True,False,,,,True,False,0.0,0.0,0.0,0.0
2022-06-02 04:00:00+00:00,,,,True,False,,,,True,False,0.0,0.0,0.0,0.0
2022-06-02 05:00:00+00:00,,,,True,False,,,,True,False,0.0,0.0,0.0,0.0
2022-06-02 06:00:00+00:00,,,,True,False,,,,True,False,0.0,0.0,0.0,0.0
2022-06-02 07:00:00+00:00,,,,True,False,,,,True,False,0.0,0.0,0.0,0.0
2022-06-02 08:00:00+00:00,,,,True,False,,,,True,False,0.0,0.0,0.0,0.0
2022-06-02 09:00:00+00:00,,,,True,False,,,,True,False,0.0,0.0,0.0,0.0
2022-06-02 10:00:00+00:00,,,,True,False,,,,True,False,0.0,0.0,0.0,0.0
2022-06-02 11:00:00+00:00,,,,True,False,,,,True,False,0.0,0.0,0.0,0.0
2022-06-02 12:00:00+00:00,,,,True,False,,,,True,False,0.0,0.0,0.0,0.0
2022-06-02 13:00:00+00:00,,,,True,False,,,,True,False,0.0,0.0,0.0,0.0
2022-06-02 14:00:00+00:00,,,,True,False,,,,True,False,0.0,0.0,0.0,0.0
2022-06-02 15:00:00+00:00,,,,True,False,,,,True,False,0.0,0.0,0.0,0.0
2022-06-02 16:00:00+00:00,,,,True,False,,,,True,False,0.0,0.0,0.0,0.0
2022-06-02 17:00:00+00:00,,,,True,False,,,,True,False,0.0,0.0,0.0,0.0
2022-06-02 18:00:00+00:00,,,,True,False,,,,True,False,0.0,0.0,0.0,0.0
2022-06-02 19:00:00+00:00,,,,True,False,,,,True,False,0.0,0.0,0.0,0.0
2022-06-02 20:00:00+00:00,,,,True,False,,,,True,False,0.0,0.0,0.0,0.0
2022-06-02 21:00:00+00:00,,,,True,False,,,,True,False,0.0,0.0,0.0,0.0
2022-06-02 22:00:00+00:00,,,,True,False,,,,True,False,0.0,0.0,0.0,0.0
2022-06-02 23:00:00+00:00,,,,True,False,,,,True,False,0.0,0.0,0.0,0.0
2022-06-03 00:00:00+00:00,,,,True,False,,,,True,False,0.0,0.0,0.0,0.0
2022-06-03 01:00:00+00:00,,,,True,False,,,,True,False,0.0,0.0,0.0,0.0
2022-06-03 02:00:00+00:00,,,,True,False,,,,True,False,0.0,0.0,0.0,0.0
2022-06-03 03:00:00+00:00,,,,True,False,,,,True,False,0.0,0.0,0.0,0.0
2022-06-03 04:00:00+00:00,,,,True,False,,,,True,False,0.0,0.0,0.0,0.0
2022-06-03 05:00:00+00:00,,,,True,False,,,,True,False,0.0,0.0,0.0,0.0
2022-06-03 06:00:00+00:00,,,,True,False,,,,True,False,0.0,0.0,0.0,0.0
2022-06-03 07:00:00+00:00,,,,True,False,,,,True,False,0.0,0.0,0.0,0.0
2022-06-03 08:00:00+00:00,,,,True,False,,,,True,False,0.0,0.0,0.0,0.0
2022-06-03 09:00:00+00:00,,,,True,False,,,,True,False,0.0,0.0,0.0,0.0
2022-06-03 10:00:00+00:00,,,,True,False,,,,True,False,0.0,0.0,0.0,0.0
2022-06-03 11:00:00+00:00,,,,True,False,,,,True,False,0.0,0.0,0.0,0.0
2022-06-03 12:00:00+00:00,,,,True,False,,,,True,False,0.0,0.0,0.0,0.0
2022-06-03 13:00:00+00:00,,,,True,False,,,,True,False,0.0,0.0,0.0,0.0
2022-06-03 14:00:00+00:00,,,,True,False,,,,True,False,0.0,0.0,0.0,0.0
2022-06-03 15:00:00+00:00,,,,True,False,,,,True,False,0.0,0.0,0.0,0.0
2022-06-03 16:00:00+00:00,,,,True,False,,,,True,False,0.0,0.0,0.0,0.0
2022-06-03 17:00:00+00:00,,,,True,False,,,,True,False,0.0,0.0,0.0,0.0
2022-06-03 18:00:00+00:00,,,,True,False,,,,True,False,0.0,0.0,0.0,0.0
2022-06-03 19:00:00+00:00,,,,True,False,,,,True,False,0.0,0.0,0.0,0.0
2022-06-03 20:00:00+00:00,,,,True,False,,,,True,False,0.0,0.0,0.0,0.0
2022-06-03 21:00:00+00:00,,,,True,False,,,,True,False,0.0,0.0,0.0,0.0
2022-06-03 22:00:00+00:00,,,,True,False,,,,True,False,0.0,0.0,0.0,0.0
2022-06-03 23:00:00+00:00,,,,True,False,,,,True,False,0.0,0.0,0.0,0.0
2022-06-04 00:00:00+00:00,,,,True,False,,,,True,False,0.0,0.0,0.0,0.0
2022-06-04 01:00:00+00:00,,,,True,False,,,,True,False,0.0,0.0,0.0,0.0
2022-06-04 02:00:00+00:00,,,,True,False,,,,True,False,0.0,0.0,0.0,0.0
2022-06-04 03:00:00+00:00,,,,True,False,,,,True,False,0.0,0.0,0.0,0.0
2022-06-04 04:00:00+00:00,,,,True,False,,,,True,False,0.0,0.0,0.0,0.0
2022-06-04 05:00:00+00:00,,,,True,False,,,,True,False,0.0,0.0,0.0,0.0
2022-06-04 06:00:00+00:00,,,,True,False,,,,True,False,0.0,0.0,0.0,0.0
2022-06-04 07:00:00+00:00,,,,True,False,,,,True,False,0.0,0.0,0.0,0.0
2022-06-04 08:00:00+00:00,,,,True,False,,,,True,False,0.0,0.0,0.0,0.0
2022-06-04 09:00:00+00:00,,,,True,False,,,,True,False,0.0,0.0,0.0,0.0
2022-06-04 10:00:00+00:00,,,,True,False,,,,True,False,0.0,0.0,0.0,0.0
2022-06-04 11:00:00+00:00,,,,True,False,,,,True,False,0.0,0.0,0.0,0.0
2022-06-04 12:00:00+00:00,,,,True,False,,,,True,False,0.0,0.0,0.0,0.0
2022-06-04 13:00:00+00:00,,,,True,False,,,,True,False,0.0,0.0,0.0,0.0
2022-06-04 14:00:00+00:00,,,,True,False,,,,True,False,0.0,0.0,0.0,0.0
2022-06-04 15:00:00+00:00,,,,True,False,,,,True,False,0.0,0.0,0.0,0.0
2022-06-04 16:00:00+00:00,,,,True,False,,,,True,False,0.0,0.0,0.0,0.0
2022-06-04 17:00:00+00:00,,,,True,False,,,,True,False,0.0,0.0,0.0,0.0
2022-06-04 18:00:00+00:00,,,,True,False,,,,True,False,0.0,0.0,0.0,0.0
2022-06-04 19:00:00+00:00,,,,True,False,,,,True,False,0.0,0.0,0.0,0.0
2022-06-04 20:00:00+00:00,,,,True,False,,,,True,False,0.0,0.0,0.0,0.0
2022-06-04 21:00:00+00:00,,,,True,False,,,,True,False,0.0,0.0,0.0,0.0
2022-06-04 22:00:00+00:00,,,,True,False,,,,True,False,0.0,0.0,0.0,0.0
2022-06-04 23:00:00+00:00,,,,True,False,,,,True,False,0.0,0.0,0.0,0.0
2022-06-05 00:00:00+00:00,,,,True,False,,,,True,False,0.0,0.0,0.0,0.0
2022-06-05 01:00:00+00:00,,,,True,False,,,,True,False,0.0,0.0,0.0,0.0
2022-06-05 02:00:00+00:00,,,,True,False,,,,True,False,0.0,0.0,0.0,0.0
2022-06-05 03:00:00+00:00,,,,True,False,,,,True,False,0.0,0.0,0.0,0.0
2022-06-05 04:00:00+00:00,,,,True,False,,,,True,False,0.0,0.0,0.0,0.0
2022-06-05 05:00:00+00:00,,,,True,False,,,,True,False,0.0,0.0,0.0,0.0
2022-06-05 06:00:00+00:00,,,,True,False,,,,True,False,0.0,0.0,0.0,0.0
2022-06-05 07:00:00+00:00,,,,True,False,,,,True,False,0.0,0.0,0.0,0.0
2022-06-05 08:00:00+00:00,,,,True,False,,,,True,False,0.0,0.0,0.0,0.0
2022-06-05 09:00:00+00:00,,,,True,False,,,,True,False,0.0,0.0,0.0,0.0
2022-06-05 10:00:00+00:00,,,,True,False,,,,True,False,0.0,0.0,0.0,0.0
2022-06-05 11:00:00+00:00,,,,True,False,,,,True,False,0.0,0.0,0.0,0.0
2022-06-05 12:00:00+00:00,,,,True,False,,,,True,False,0.0,0.0,0.0,0.0
2022-06-05 13:00:00+00:00,,,,True,False,,,,True,False,0.0,0.0,0.0,0.0
2022-06-05 14:00:00+00:00,,,,True,False,,,,True,False,0.0,0.0,0.0,0.0
2022-06-05 15:00:00+00:00,,,,True,False,,,,True,False,0.0,0.0,0.0,0.0
2022-06-05 16:00:00+00:00,,,,True,False,,,,True,False,0.0,0.0,0.0,0.0
2022-06-05 17:00:00+00:00,,,,True,False,,,,True,False,0.0,0.0,0.0,0.0
2022-06-05 18:00:00+00:00,,,,True,False,,,,True,False,0.0,0.0,0.0,0.0
2022-06-05 19:00:00+00:00,,,,True,False,,,,True,False,0.0,0.0,0.0,0.0
2022-06-05 20:00:00+00:00,,,,True,False,,,,True,False,0.0,0.0,0.0,0.0
2022-06-05 21:00:00+00:00,,,,True,False,,,,True,False,0.0,0.0,0.0,0.0
2022-06-05 22:00:00+00:00,,,,True,False,,,,True,False,0.0,0.0,0.0,0.0
2022-06-05 23:00:00+00:00,,,,True,False,,,,True,False,0.0,0.0,0.0,0.0
