check,expected,actual,abs_diff,tol,ok,sleeve
per_trade_max_fee_diff,0.0,0.0,0.0,5.1e-05,True,trend
per_trade_max_spread_diff,0.0,0.0,0.0,5.1e-05,True,trend
per_trade_max_impact_diff,0.0,0.0,0.0,5.1e-05,True,trend
total_fees,15821.16870766418,15821.16870766418,0.0,5.1e-05,True,trend
per_bar_max_fees_gap,0.0,2.842170943040401e-14,2.842170943040401e-14,5.1e-05,True,trend
total_spread,3956.035756278102,3956.035756278101,9.094947017729282e-13,5.1e-05,True,trend
per_bar_max_spread_gap,0.0,3.552713678800501e-15,3.552713678800501e-15,5.1e-05,True,trend
total_impact,3893.3260838839333,3893.3260838839333,0.0,5.1e-05,True,trend
per_bar_max_impact_gap,0.0,7.105427357601002e-15,7.105427357601002e-15,5.1e-05,True,trend
identity_max_bar_residual,0.0,1.3518786090571666e-10,1.3518786090571666e-10,5.1e-05,True,trend
identity_total_net_pnl,76554.4923144039,76554.49231440417,2.6193447411060333e-10,2.011032,True,trend
gross_pnl_from_prices_max_bar_gap,0.0,4.837374945054762e-11,4.837374945054762e-11,5.1e-05,True,trend
per_trade_max_fee_diff,0.0,0.0,0.0,5.1e-05,True,carry
per_trade_max_spread_diff,0.0,0.0,0.0,5.1e-05,True,carry
per_trade_max_impact_diff,0.0,0.0,0.0,5.1e-05,True,carry
total_fees,2305.368639413553,2305.368639413553,0.0,5.1e-05,True,carry
per_bar_max_fees_gap,0.0,7.105427357601002e-15,7.105427357601002e-15,5.1e-05,True,carry
total_spread,1266.1791644994548,1266.1791644994548,0.0,5.1e-05,True,carry
per_bar_max_spread_gap,0.0,3.552713678800501e-15,3.552713678800501e-15,5.1e-05,True,carry
total_impact,471.81973893159096,471.8197389315909,5.684341886080802e-14,5.1e-05,True,carry
per_bar_max_impact_gap,0.0,3.552713678800501e-15,3.552713678800501e-15,5.1e-05,True,carry
identity_max_bar_residual,0.0,3.694911043794491e-11,3.694911043794491e-11,5.1e-05,True,carry
identity_total_net_pnl,17632.331667060782,17632.331667060847,6.548361852765083e-11,2.011032,True,carry
gross_pnl_from_prices_max_bar_gap,0.0,1.7038814803527202e-11,1.7038814803527202e-11,5.1e-05,True,carry
per_trade_max_fee_diff,0.0,0.0,0.0,0.000101,True,combined
per_trade_max_spread_diff,0.0,0.0,0.0,0.000101,True,combined
per_trade_max_impact_diff,0.0,0.0,0.0,0.000101,True,combined
total_fees,18126.53734707773,18126.53734707773,0.0,0.000101,True,combined
per_bar_max_fees_gap,0.0,2.842170943040401e-14,2.842170943040401e-14,0.000101,True,combined
total_spread,5222.2149207775565,5222.2149207775565,0.0,0.000101,True,combined
per_bar_max_spread_gap,0.0,7.105427357601002e-15,7.105427357601002e-15,0.000101,True,combined
total_impact,4365.145822815524,4365.145822815524,0.0,0.000101,True,combined
per_bar_max_impact_gap,0.0,7.105427357601002e-15,7.105427357601002e-15,0.000101,True,combined
identity_max_bar_residual,0.0,1.206359456773498e-10,1.206359456773498e-10,0.000101,True,combined
identity_total_net_pnl,94186.82398146477,94186.82398146502,2.473825588822365e-10,3.982632,True,combined
gross_pnl_from_prices_max_bar_gap,0.0,2.9331204132176936e-11,2.9331204132176936e-11,0.000101,True,combined
