year,symbol,gross_long,gross_short,gross,ledger_gross,fees,spread,impact,funding,costs,net,residual_vs_ledger
2020,ADA,3610.305375477366,-1305.8534835119074,2304.4518919654583,2304.4518919654606,100.14769734086235,39.38945814784933,52.60824281095452,140.02085466348606,192.1453982996662,1972.285639002306,-2.2737367544323206e-12
2020,BCH,-177.38552003632904,-1436.6324277319918,-1614.017947768321,-1614.01794776832,162.2548857076477,15.48159779664431,65.10742986324526,68.70961256234182,242.84391336753725,-1925.5714736982,-9.094947017729282e-13
2020,BNB,1422.6668624091737,-736.9737617096043,685.6931006995693,685.6931006995661,103.29793432603716,4.826442440179568,42.51374354584793,-108.2043783711981,150.63812031206464,643.2593587587028,3.183231456205249e-12
2020,BTC,7686.519782159169,-623.9818182500397,7062.537963909129,7062.537963909129,210.51376661545305,0.8216598262425656,10.658174431240335,417.3977921393512,221.99360087293593,6423.146570896842,0.0
2020,DOGE,1525.868137216483,-417.40738548713296,1108.46075172935,1108.4607517293493,24.804081260347182,4.026309757379687,31.478226652185526,42.75875655928516,60.308617669912394,1005.3933775001525,6.821210263296962e-13
2020,DOT,1045.816079502855,-226.62828504952242,819.1877944533327,819.1877944533327,4.5392445276126,1.090509195823211,2.1742140300952575,9.925138705631834,7.803967753531069,801.4586879941697,0.0
2020,EOS,-427.73340424587434,-3371.6241582946186,-3799.357562540493,-3799.357562540492,184.13496194133143,318.8484189460288,97.23263385973841,36.054569462713545,600.2160147470986,-4435.628146750305,-9.094947017729282e-13
2020,ETH,5273.030974326695,-183.74641368581595,5089.284560640879,5089.28456064088,154.04802146950797,0.942106183056352,21.357918837920227,484.41512523771274,176.34804649048456,4428.521388912683,-9.094947017729282e-13
2020,LINK,4674.773005127555,-1131.3600206077508,3543.412984519804,3543.4129845198026,97.89582103225523,18.113760945931705,37.90113353020252,101.74067371324114,153.91071550838944,3287.7615952981737,1.3642420526593924e-12
2020,LTC,3195.3670025380234,-924.3209744028131,2271.0460281352102,2271.046028135219,143.50507176914232,21.744840028671224,69.99091989170721,277.87588871302734,235.24083168952075,1757.9293077326622,-8.640199666842818e-12
2020,TRX,1258.1306192278385,-591.135084887004,666.9955343408344,666.995534340831,95.34510334970949,13.226760539595269,55.668913499535236,78.28208862067142,164.24077738884,424.472668331323,3.410605131648481e-12
2020,XRP,2524.5661471847225,-1017.4878014840701,1507.0783457006523,1507.0783457006564,138.06658179640078,28.499655649991865,57.69402122506274,179.96772357012134,224.2602586714554,1102.8503634590757,-4.092726157978177e-12
2021,ADA,8593.582643955318,118.23481781090491,8711.817461766224,8711.817461766219,146.6248887888289,57.66957277832613,25.382359206946845,441.95951482201315,229.67682077410188,8040.181126170109,5.4569682106375694e-12
2021,AVAX,4203.587942926167,-1968.3972143899116,2235.190728536256,2235.1907285362545,103.35798658617881,10.922904791135698,40.91687827218492,290.0724662149458,155.19776964949943,1789.9204926718105,1.3642420526593924e-12
2021,BCH,1833.2879008787606,-1220.9805097979472,612.3073910808133,612.3073910808105,184.8050184847328,17.633225369479256,47.60463936479078,263.187407031524,250.04288321900285,99.07710083028644,2.8421709430404007e-12
2021,BNB,7907.463344632009,-2036.9026754444676,5870.560669187541,5870.56066918754,197.01243160767294,9.205113029201904,28.638467593584732,367.5954962104553,234.85601223045956,5268.109160746626,9.094947017729282e-13
2021,BTC,3630.1946665451915,-2153.5865870711114,1476.6080794740803,1476.6080794740917,219.62491685527618,0.8572217101197289,5.975821994117545,620.5001564045996,226.45796055951345,629.6499625099674,-1.1368683772161603e-11
2021,DOGE,8408.344836860986,-1158.7976103924611,7249.547226468524,7249.547226468526,142.05646187042404,23.05924224825403,24.89396783917971,252.5846812424253,190.0096719578578,6806.952873268241,-1.8189894035458565e-12
2021,DOT,2196.5943914837108,-4868.005107328341,-2671.410715844631,-2671.4107158446327,115.17067078234395,27.66862961738917,27.971969687811765,446.83688270235484,170.81127008754487,-3289.058868634531,1.8189894035458565e-12
2021,EOS,1274.0068913603616,-894.0702603862059,379.93663097415595,379.9366309741547,154.30935515328687,267.20234658577846,31.48961508970107,305.792987395039,453.0013168287664,-378.85767324964945,1.2505552149377763e-12
2021,ETH,12580.624781888457,-57.77411053751071,12522.850671350947,12522.850671350947,205.73928217354833,1.2582326470946688,11.103140144351075,849.6446055614665,218.10065496499408,11455.105410824486,0.0
2021,LINK,481.8923616767109,-4619.063093118008,-4137.170731441297,-4137.170731441298,139.69554225309625,25.848004857645087,35.133692138125554,460.5084959453671,200.6772392488669,-4798.3564666355305,9.094947017729282e-13
2021,LTC,165.70207633419994,-3580.419552289618,-3414.717475955418,-3414.7174759554196,134.19038389505394,20.33341675810631,23.752888393919743,471.85484993393084,178.27668904708,-4064.849014936429,1.3642420526593924e-12
2021,LUNA,7153.952476593946,-160.86590289191432,6993.086573702031,6993.086573702038,74.19043205993113,194.41570191562252,20.83149882470417,163.62818818557218,289.4376328002578,6540.020752716201,-6.366462912410498e-12
2021,SOL,10517.987103125375,-90.63712576908475,10427.34997735629,10427.349977356289,127.04512764552904,8.537692123615377,33.381446999563764,512.8661484468854,168.96426676870817,9745.519562140698,1.8189894035458565e-12
2021,TRX,2922.991435891326,-1800.097720892883,1122.8937149984433,1122.8937149984415,159.14688244844007,22.077669757699706,50.74386086395017,356.29804819806844,231.96841307008995,534.627253730285,1.8189894035458565e-12
2021,XRP,2447.684922458036,-2542.262610753625,-94.57768829558881,-94.57768829558734,131.930448128399,27.23303707882846,16.049380224034337,323.93408480211417,175.2128654312618,-593.7246385289648,-1.4779288903810084e-12
2022,ADA,-252.32104192858804,4157.231917495963,3904.9108755673747,3904.910875567374,221.79136521915777,87.2335753074755,42.05975584260146,37.04567236865127,351.08469636923473,3516.780506829489,4.547473508864641e-13
2022,AVAX,-1293.5610016343346,3239.6750243641786,1946.1140227298442,1946.114022729848,175.605474788088,18.558042249721606,37.14179563070759,157.821589901489,231.30531266851722,1556.987120159838,-3.865352482534945e-12
2022,BCH,-823.3278046246689,3387.9028048631703,2564.5750002385016,2564.575000238502,195.2771522854896,18.63242710611035,62.657405645480665,248.75362755193964,276.5669850370806,2039.2543876494815,-4.547473508864641e-13
2022,BNB,-482.39519805033314,1626.6091236705304,1144.2139256201974,1144.213925620195,281.0720898451681,13.132675614760538,44.610385736110494,111.8052277422552,338.81515119603915,693.5935466819031,2.5011104298755527e-12
2022,BTC,-1315.3190166702727,1619.7714243241182,304.4524076538453,304.4524076538378,290.5843523716953,1.1341846774072637,8.532135893689507,-89.49255705498506,300.25067294279205,93.69429176603829,7.503331289626658e-12
2022,DOGE,2761.559954860578,-1438.3324642610073,1323.2274905995705,1323.2274905995623,216.2958741621938,35.11011673762031,56.22064616248616,-51.68284552220987,307.62663706230023,1067.28369905948,8.185452315956354e-12
2022,DOT,-1860.062936989765,2800.4767395312447,940.4138025414796,940.413802541478,206.0194047910735,49.494151301175336,50.861473508967826,306.900873129613,306.3750296012167,327.13789981065,1.5916157281026244e-12
2022,EOS,-3559.6663050954603,1187.7546763127941,-2371.911628782666,-2371.9116287826632,182.0092188553532,315.1674785374085,66.28571768348917,-74.00720414569784,563.4624150762509,-2861.3668397132187,-2.7284841053187847e-12
2022,ETH,-1817.3988399444934,2286.0684755357756,468.6696355912821,468.6696355912861,208.68414039411428,1.2762424151614962,8.481834028607905,-52.51554378143274,218.44221683788368,302.7429625348311,-4.035882739117369e-12
2022,FTT,-814.6910315499325,8368.226917394884,7553.535885844951,7553.53588584496,136.21909040444538,54.487636161778155,449.0012848693582,585.8247421068439,639.7080114355817,6328.003132302526,-9.094947017729282e-12
2022,LINK,-1303.965321672461,1244.8518825695974,-59.113439102863296,-59.11343910287337,249.24655014025578,46.11833659734277,76.06968496206395,-28.24310042491039,371.4345716996625,-402.30491037761544,1.007549599307822e-11
2022,LTC,-2439.556921701256,1834.470015013817,-605.0869066874391,-605.0869066874333,235.75069328558624,35.72250826361192,73.98760528203964,34.07050432422008,345.4608068312378,-984.6182178428969,-5.7980287238024175e-12
2022,LUNA,-2181.6012610630582,2103.543325557396,-78.05793550566214,-78.05793550566298,51.33610476502397,134.5260374470359,6.079071235681035,-37.122637197287155,191.9412134477409,-232.8765117561159,8.384404281969182e-13
2022,SOL,-1580.8075756299575,5256.908521776033,3676.100946146076,3676.100946146073,231.79967483030882,15.577411701903856,44.21442952128458,931.1267705326391,291.59151605349723,2453.3826595599394,2.7284841053187847e-12
2022,TRX,-2314.7159773948856,365.7082488891673,-1949.0077285057184,-1949.0077285057364,353.8036062033179,49.08144637624757,132.45170983978434,245.32718176994817,535.3367624193498,-2729.6716726950167,1.7962520360015333e-11
2022,XRP,-3612.377084466728,1929.8446636377384,-1682.5324208289896,-1682.5324208289894,238.27811661601424,49.1852857087394,41.29895123395506,8.933868995295306,328.7623535587087,-2020.2286433829938,-2.2737367544323206e-13
2023,ADA,2227.1663554640013,-6846.599535201442,-4619.433179737441,-4619.433179737452,376.68006543235833,148.15341806589026,93.70714492810441,108.77337853351953,618.540628426353,-5346.747186697313,1.0913936421275139e-11
2023,AVAX,4164.331633125994,-1709.5014623218997,2454.830170804094,2454.8301708040926,338.0997494786705,35.73048871635225,90.88779160852903,46.488984586192906,464.71802980355176,1943.6231564143493,1.3642420526593924e-12
2023,BCH,-124.69507646966863,-2135.0558505857825,-2259.750927055451,-2259.75092705545,337.92692541574735,32.243397301266185,95.45030544303268,-297.7610252397235,465.6206281600462,-2427.6105299757737,-9.094947017729282e-13
2023,BNB,2472.365657232228,2828.1771013586836,5300.542758590912,5300.542758590908,624.2340445499186,29.166407875217885,102.4490165656906,-743.3517838501804,755.8494689908272,5288.045073450265,3.637978807091713e-12
2023,BTC,11234.393101072581,-506.91146448352924,10727.481636589053,10727.481636589046,580.9417808165522,2.267483644215672,15.989721417449795,484.10929400012265,599.1989858782176,9644.173356710711,7.275957614183426e-12
2023,DOGE,2098.4356200320817,-3471.369289375912,-1372.9336693438304,-1372.9336693438336,397.65519043330687,64.54917465029668,72.45572921592509,-37.717933448958874,534.6600942995286,-1869.8758301944004,3.183231456205249e-12
2023,DOT,466.3106055683767,-3936.0574421936167,-3469.74683662524,-3469.746836625241,417.45681119666176,100.28992461184413,115.90543449116599,338.1978445560235,633.652170299672,-4441.596851480936,9.094947017729282e-13
2023,EOS,-876.0031156031364,541.3415879648238,-334.66152763831235,-334.6615276383151,295.80082684157543,512.2092239680966,83.6290874267942,-96.8268246524487,891.6391382364662,-1129.4738412223298,2.7284841053187847e-12
2023,ETH,4899.65723095961,-338.6815313173246,4560.975699642286,4560.975699642287,493.5344700367765,3.0182917725114753,17.92556254752773,332.96711329148167,514.4783243568157,3713.530261993988,-9.094947017729282e-13
2023,LINK,-150.77056108672414,-3354.2817330710755,-3505.0522941577997,-3505.052294157812,414.924350454053,76.77386445632187,99.38463031757426,94.91053294257044,591.0828452279492,-4191.045672328319,1.2278178473934531e-11
2023,LTC,-361.4805396725442,-2460.258251655139,-2821.738791327683,-2821.7387913276925,390.8793587062443,59.22863227614884,72.35634298238132,115.13687403125887,522.4643339647745,-3459.3399993237163,9.549694368615746e-12
2023,SOL,7869.377201784008,-1129.8596323881416,6739.517569395866,6739.517569395866,341.7517434486411,22.96641533876225,58.32952285721389,253.9195988407674,423.0476816446172,6062.550288910482,0.0
2023,TRX,5476.626505148877,-1809.2078216480618,3667.418683500815,3667.4186835007995,602.9760047268782,83.64791631083362,187.99623259717134,-229.79912179641653,874.6201536348831,3022.597651662348,1.546140993013978e-11
2023,XRP,3424.8981976080686,-4167.213674152452,-742.3154765443834,-742.315476544381,451.20828680368703,93.13825715835222,69.86373982130296,170.0972537259283,614.2102837833422,-1526.6230140536538,-2.3874235921539366e-12
2024,ADA,411.39764852634005,3610.492776371463,4021.8904248978033,4021.8904248977997,171.78940474306162,67.5671208429255,54.615808393764574,43.160560935021536,293.9723339797517,3684.75752998303,3.637978807091713e-12
2024,AVAX,696.486262347245,1608.7253223508344,2305.2115846980796,2305.211584698085,137.05371332488997,14.483879875805972,41.2066433603919,148.392606140523,192.74423656108783,1964.074741996469,-5.4569682106375694e-12
2024,BCH,2073.197077041442,442.6679155962409,2515.8649926376825,2515.8649926376834,119.94022953289834,11.444132391866772,28.156834560789804,85.76316368811086,159.5411964855549,2270.5606324640166,-9.094947017729282e-13
2024,BNB,3189.47092272162,32.328252315544994,3221.799175037165,3221.799175037172,245.88112424632317,11.488430054717885,39.21954238148269,-383.47018601242144,296.58909668252375,3308.6802643670626,-7.275957614183426e-12
2024,BTC,2044.7105671913484,-157.56587432696975,1887.1446928643788,1887.1446928643957,290.1952013251614,1.1326657754066112,8.635788524806651,443.92440749328375,299.96365562537466,1143.2566297457204,-1.6825651982799172e-11
2024,DOGE,808.2960100610192,-304.94011555548883,503.3558945055302,503.35589450553573,123.45057767587826,20.039051647728332,19.82315897173015,164.42742803776056,163.31278829533676,175.6156781724329,-5.5138116294983774e-12
2024,DOT,958.8995439178769,2533.422252942253,3492.32179686013,3492.3217968601316,115.64390536750473,27.782319607818224,32.039709021414176,192.32507448967934,175.46593399673714,3124.530788373713,-1.8189894035458565e-12
2024,EOS,-958.5516849566031,979.8714193146341,21.319734358030956,21.31973435803002,154.58005410446881,267.67108935838786,64.3246545676824,106.52876137857062,486.5757980305391,-571.7848250510788,9.379164112033322e-13
2024,ETH,785.8624259097058,-1847.0538572140158,-1061.1914313043103,-1061.1914313043214,215.35949417436944,1.31706664653088,9.116459555387616,379.635019920031,225.79302037628796,-1666.6194716006294,1.1141310096718371e-11
2024,LINK,810.5684698978056,-1069.5648834624303,-258.9964135646249,-258.9964135646219,165.3317280275009,30.59149376030273,47.69996898442183,160.4751485233369,243.62319077222548,-663.0947528601873,-3.0127011996228248e-12
2024,LTC,-1207.1511640772242,-1691.4643964575166,-2898.615560534741,-2898.6155605347394,178.4272016790197,27.036472714464885,41.41840726200465,233.41060416021622,246.88208165548923,-3378.9082463504465,-1.3642420526593924e-12
2024,SOL,310.4967306191339,-180.60636752295255,129.8903630961814,129.89036309618336,111.12358750957912,7.467732099695409,11.07151565258246,273.3077037601599,129.662835261857,-273.0801759258355,-1.9610979506978765e-12
2024,TRX,3880.935725068439,-1054.9858740404477,2825.949851027991,2825.949851027994,366.6161262352883,50.85886470626983,113.69903714774092,241.1138812402077,531.174028089299,2053.661941698484,-3.183231456205249e-12
2024,XRP,-954.430241783013,-1119.071770238039,-2073.502012021052,-2073.50201202106,234.48084255082847,48.40145372087989,37.75920738886153,-76.78844955967804,320.64150366056987,-2317.3550661219438,8.185452315956354e-12
