pair,hac_t,sharpe_daily,net_total,p,q_bh,bh_reject,p_holm
BTC->ETH,-2.1751645129744084,-0.0523911180229832,-1.2811582814378886,0.02961779043666035,0.21884475021951513,False,1.0
BTC->BNB,-2.868603830397603,-0.07731687535777088,-1.3880367501688278,0.004122878514511097,0.08864188806198858,False,0.17316089760946607
BTC->SOL,-1.247361176808919,-0.03143638258409733,-0.5783666115862193,0.2122650950669036,0.752587806095831,False,1.0
BTC->XRP,-0.46927648007059714,-0.01186637006316122,-0.1899839451278934,0.6388720247044704,0.8659037785742025,False,1.0
BTC->ADA,2.97792794838336,0.07023253046392393,0.9339369533376425,0.0029020419712129097,0.08864188806198858,False,0.12478780476215512
BTC->DOGE,0.9475020412657043,0.02278157798172508,0.34436893984707195,0.34338301657818393,0.7771299848874689,False,1.0
BTC->AVAX,-0.37021362836795246,-0.011106656498837318,-0.1680512640190988,0.7112233229118063,0.8659037785742025,False,1.0
BTC->DOT,0.43161577020473285,0.011469862205670135,0.11560644638303368,0.6660206947177831,0.8659037785742025,False,1.0
BTC->LINK,0.2162178969992808,0.005216810066619,0.09808895919019964,0.8288179036992798,0.9378728910281323,False,1.0
BTC->LTC,-2.009755553753173,-0.05053041162529302,-0.9704582377257883,0.044457067028737196,0.23895673527946243,False,1.0
BTC->BCH,-0.88168384370607,-0.020527247487704764,-0.6140672610641296,0.3779478002920946,0.7773283155513037,False,1.0
BTC->TRX,-2.582299109534579,-0.06037941174612034,-0.5025766392777052,0.009814448250947905,0.11571941339022118,False,0.4023923782888641
BTC->EOS,0.35186074705768755,0.009918674494301918,0.039979932871023804,0.7249426983411928,0.8659037785742025,False,1.0
ETH->BNB,-2.5502491289211253,-0.06472537341814845,-1.4889148912411607,0.01076459659443918,0.11571941339022118,False,0.4305838637775672
ETH->SOL,-1.206754908697059,-0.0314061366595766,-0.6779103401092708,0.22752654602897215,0.752587806095831,False,1.0
ETH->XRP,1.5071356130000948,0.034668582531374476,0.259633347758661,0.13177589998655392,0.5666363699421819,False,1.0
ETH->ADA,0.9853589133885721,0.023635867506432616,0.39234327773079614,0.32444780386205174,0.7771299848874689,False,1.0
ETH->DOGE,-0.5171141870709879,-0.014910013102228854,-0.20936253971347613,0.6050764506047424,0.8659037785742025,False,1.0
ETH->AVAX,-0.40177936625627336,-0.012163824685830946,-0.18105547943732314,0.6878464088367884,0.8659037785742025,False,1.0
ETH->DOT,-0.1598289288254981,-0.004384427984393932,-0.05086198832580684,0.8730158351071904,0.9625559207592099,False,1.0
ETH->LINK,-0.035867829888355865,-0.0022843631172245337,-0.015472479048821243,0.9713877473837305,0.9945160270833432,False,1.0
ETH->LTC,-2.1011717811694215,-0.05254236233791302,-1.2290733981340352,0.03562588957061874,0.21884475021951513,False,1.0
ETH->BCH,0.39826160004243033,0.009263002924879091,0.19521520370224904,0.6904373629998848,0.8659037785742025,False,1.0
ETH->TRX,-1.635755873751876,-0.03958750835594173,-0.856576384176957,0.10189069053086874,0.4868110769808173,False,1.0
ETH->EOS,0.7565604592558725,0.018353192838351795,0.06309711447505606,0.4493132379924547,0.8209755025930705,False,1.0
BTC:perp->spot,-0.002809956287017402,-0.0001354302657853251,-0.00031329982202877053,0.9977579822124993,0.9977579822124993,False,1.0
BTC:spot->perp,-1.0419902052642964,-0.026357230928227178,-0.3495193908628325,0.29741622008162727,0.7771299848874689,False,1.0
ETH:perp->spot,-0.8785866138484829,-0.018795793796638986,-0.3092726338530005,0.37962545643203205,0.7773283155513037,False,1.0
ETH:spot->perp,0.5422579466585684,0.012471356792426414,0.2646926954053394,0.5876408213758326,0.8659037785742025,False,1.0
BNB:perp->spot,-1.0666996378819935,-0.025858384885745843,-0.3177770497085294,0.28610749070908525,0.7771299848874689,False,1.0
BNB:spot->perp,-2.1516052571082858,-0.05246995905137352,-1.1775644578052429,0.031428457730183545,0.21884475021951513,False,1.0
SOL:perp->spot,-0.5653872518453021,-0.015402311838245523,-0.1330900150254159,0.5718103936314796,0.8659037785742025,False,1.0
SOL:spot->perp,-1.2170759459874005,-0.03591870936429402,-0.526138467667558,0.22357532167488992,0.752587806095831,False,1.0
XRP:perp->spot,0.950051173436601,0.019915176781497058,0.3437096951097729,0.3420862510989706,0.7771299848874689,False,1.0
XRP:spot->perp,0.31895813239314214,0.006858890284668878,0.20224190870309558,0.7497582613380898,0.8713406820956178,False,1.0
DOGE:perp->spot,-0.7616963406992708,-0.024344926154599086,-0.7022509973297618,0.44624125984898466,0.8209755025930705,False,1.0
DOGE:spot->perp,-0.3896455464634384,-0.009155341994277953,-0.37138018149096486,0.6967986676098978,0.8659037785742025,False,1.0
LARGE5->ZEC,0.48766850868711914,0.011878846665804464,0.04923252606900424,0.6257846610372735,0.8659037785742025,False,1.0
LARGE5->XTZ,0.7359060015346343,0.01819046068074891,0.20575977007481683,0.46178790464164043,0.8209755025930705,False,1.0
LARGE5->IOTA,0.7106335636346733,0.016396378043001914,0.1294323749170098,0.47731133871690146,0.8209755025930705,False,1.0
LARGE5->VET,-0.07998532806476255,-0.0012695561460304987,-0.033084561377660776,0.9362489250885158,0.9819196043611264,False,1.0
LARGE5->THETA,1.1082619162390808,0.03361018120710078,0.3087968975171855,0.2677487177194591,0.7771299848874689,False,1.0
LARGE5->ALGO,0.12127125400809773,0.003522395682336046,0.03453369762894547,0.9034761879245949,0.9712369020189395,False,1.0
